companies_id,grouped_by,risk_category,clustered,activity_uuid_product_uuid,tilt_sector,scenario,year,type,input_activity_uuid_product_uuid,input_tilt_sector,input_tilt_subsector
id1,ipr_1.5c rps_2030,low,building construction,ebd4dddf-9f74-5fd1-89ce-197b60cb8d06_006863b7-d736-4eb6-bbf8-648d292184ad,construction industry,1.5c rps,2030,ipr,7ac71fd7-a65b-5f2c-9289-7335f9945c11_fef44ccb-917e-4c8d-bb35-a1898827b659,construction industry,construction buildings
id1,ipr_1.5c rps_2050,high,building construction,ebd4dddf-9f74-5fd1-89ce-197b60cb8d06_006863b7-d736-4eb6-bbf8-648d292184ad,construction industry,1.5c rps,2050,ipr,7ac71fd7-a65b-5f2c-9289-7335f9945c11_fef44ccb-917e-4c8d-bb35-a1898827b659,construction industry,construction buildings
id1,weo_nz 2050_2030,medium,building construction,ebd4dddf-9f74-5fd1-89ce-197b60cb8d06_006863b7-d736-4eb6-bbf8-648d292184ad,construction industry,nz 2050,2030,weo,7ac71fd7-a65b-5f2c-9289-7335f9945c11_fef44ccb-917e-4c8d-bb35-a1898827b659,construction industry,construction buildings
id1,weo_nz 2050_2050,high,building construction,ebd4dddf-9f74-5fd1-89ce-197b60cb8d06_006863b7-d736-4eb6-bbf8-648d292184ad,construction industry,nz 2050,2050,weo,7ac71fd7-a65b-5f2c-9289-7335f9945c11_fef44ccb-917e-4c8d-bb35-a1898827b659,construction industry,construction buildings
id1,ipr_1.5c rps_2030,low,building construction,ebd4dddf-9f74-5fd1-89ce-197b60cb8d06_006863b7-d736-4eb6-bbf8-648d292184ad,construction industry,1.5c rps,2030,ipr,3951c4eb-ec78-5a89-a89f-1a546b701f49_d454e221-5f08-4259-b46b-31d0dbe595d1,construction industry,construction buildings
id1,ipr_1.5c rps_2050,high,building construction,ebd4dddf-9f74-5fd1-89ce-197b60cb8d06_006863b7-d736-4eb6-bbf8-648d292184ad,construction industry,1.5c rps,2050,ipr,3951c4eb-ec78-5a89-a89f-1a546b701f49_d454e221-5f08-4259-b46b-31d0dbe595d1,construction industry,construction buildings
id1,weo_nz 2050_2030,medium,building construction,ebd4dddf-9f74-5fd1-89ce-197b60cb8d06_006863b7-d736-4eb6-bbf8-648d292184ad,construction industry,nz 2050,2030,weo,3951c4eb-ec78-5a89-a89f-1a546b701f49_d454e221-5f08-4259-b46b-31d0dbe595d1,construction industry,construction buildings
id1,weo_nz 2050_2050,high,building construction,ebd4dddf-9f74-5fd1-89ce-197b60cb8d06_006863b7-d736-4eb6-bbf8-648d292184ad,construction industry,nz 2050,2050,weo,3951c4eb-ec78-5a89-a89f-1a546b701f49_d454e221-5f08-4259-b46b-31d0dbe595d1,construction industry,construction buildings
id1,ipr_1.5c rps_2030,low,building construction,ebd4dddf-9f74-5fd1-89ce-197b60cb8d06_006863b7-d736-4eb6-bbf8-648d292184ad,construction industry,1.5c rps,2030,ipr,10282993-ad4b-5b68-a2bc-7afe8f7b5023_e9066206-5489-4a49-8192-927722af79ad,construction industry,construction buildings
id1,ipr_1.5c rps_2050,high,building construction,ebd4dddf-9f74-5fd1-89ce-197b60cb8d06_006863b7-d736-4eb6-bbf8-648d292184ad,construction industry,1.5c rps,2050,ipr,10282993-ad4b-5b68-a2bc-7afe8f7b5023_e9066206-5489-4a49-8192-927722af79ad,construction industry,construction buildings
id1,weo_nz 2050_2030,medium,building construction,ebd4dddf-9f74-5fd1-89ce-197b60cb8d06_006863b7-d736-4eb6-bbf8-648d292184ad,construction industry,nz 2050,2030,weo,10282993-ad4b-5b68-a2bc-7afe8f7b5023_e9066206-5489-4a49-8192-927722af79ad,construction industry,construction buildings
id1,weo_nz 2050_2050,high,building construction,ebd4dddf-9f74-5fd1-89ce-197b60cb8d06_006863b7-d736-4eb6-bbf8-648d292184ad,construction industry,nz 2050,2050,weo,10282993-ad4b-5b68-a2bc-7afe8f7b5023_e9066206-5489-4a49-8192-927722af79ad,construction industry,construction buildings
id1,ipr_1.5c rps_2030,low,building construction,ebd4dddf-9f74-5fd1-89ce-197b60cb8d06_006863b7-d736-4eb6-bbf8-648d292184ad,construction industry,1.5c rps,2030,ipr,874108e3-39a6-5413-ac1a-18c9919e7025_eee95138-58c8-4172-9b1f-754ba074325d,construction industry,construction buildings
id1,ipr_1.5c rps_2050,high,building construction,ebd4dddf-9f74-5fd1-89ce-197b60cb8d06_006863b7-d736-4eb6-bbf8-648d292184ad,construction industry,1.5c rps,2050,ipr,874108e3-39a6-5413-ac1a-18c9919e7025_eee95138-58c8-4172-9b1f-754ba074325d,construction industry,construction buildings
id1,weo_nz 2050_2030,medium,building construction,ebd4dddf-9f74-5fd1-89ce-197b60cb8d06_006863b7-d736-4eb6-bbf8-648d292184ad,construction industry,nz 2050,2030,weo,874108e3-39a6-5413-ac1a-18c9919e7025_eee95138-58c8-4172-9b1f-754ba074325d,construction industry,construction buildings
id1,weo_nz 2050_2050,high,building construction,ebd4dddf-9f74-5fd1-89ce-197b60cb8d06_006863b7-d736-4eb6-bbf8-648d292184ad,construction industry,nz 2050,2050,weo,874108e3-39a6-5413-ac1a-18c9919e7025_eee95138-58c8-4172-9b1f-754ba074325d,construction industry,construction buildings
id1,ipr_1.5c rps_2030,low,building construction,ebd4dddf-9f74-5fd1-89ce-197b60cb8d06_006863b7-d736-4eb6-bbf8-648d292184ad,construction industry,1.5c rps,2030,ipr,d12cb441-97f4-5146-8f5d-9c9d32abd0bf_eee95138-58c8-4172-9b1f-754ba074325d,construction industry,construction buildings
id1,ipr_1.5c rps_2050,high,building construction,ebd4dddf-9f74-5fd1-89ce-197b60cb8d06_006863b7-d736-4eb6-bbf8-648d292184ad,construction industry,1.5c rps,2050,ipr,d12cb441-97f4-5146-8f5d-9c9d32abd0bf_eee95138-58c8-4172-9b1f-754ba074325d,construction industry,construction buildings
id1,weo_nz 2050_2030,medium,building construction,ebd4dddf-9f74-5fd1-89ce-197b60cb8d06_006863b7-d736-4eb6-bbf8-648d292184ad,construction industry,nz 2050,2030,weo,d12cb441-97f4-5146-8f5d-9c9d32abd0bf_eee95138-58c8-4172-9b1f-754ba074325d,construction industry,construction buildings
id1,weo_nz 2050_2050,high,building construction,ebd4dddf-9f74-5fd1-89ce-197b60cb8d06_006863b7-d736-4eb6-bbf8-648d292184ad,construction industry,nz 2050,2050,weo,d12cb441-97f4-5146-8f5d-9c9d32abd0bf_eee95138-58c8-4172-9b1f-754ba074325d,construction industry,construction buildings
id1,ipr_1.5c rps_2030,low,building construction,ebd4dddf-9f74-5fd1-89ce-197b60cb8d06_006863b7-d736-4eb6-bbf8-648d292184ad,construction industry,1.5c rps,2030,ipr,62b803ad-e3ff-516b-947d-f08eea52c702_fbb039f7-f9cc-46d2-b631-313ddb125c1a,construction industry,construction buildings
id1,ipr_1.5c rps_2050,high,building construction,ebd4dddf-9f74-5fd1-89ce-197b60cb8d06_006863b7-d736-4eb6-bbf8-648d292184ad,construction industry,1.5c rps,2050,ipr,62b803ad-e3ff-516b-947d-f08eea52c702_fbb039f7-f9cc-46d2-b631-313ddb125c1a,construction industry,construction buildings
id1,weo_nz 2050_2030,medium,building construction,ebd4dddf-9f74-5fd1-89ce-197b60cb8d06_006863b7-d736-4eb6-bbf8-648d292184ad,construction industry,nz 2050,2030,weo,62b803ad-e3ff-516b-947d-f08eea52c702_fbb039f7-f9cc-46d2-b631-313ddb125c1a,construction industry,construction buildings
id1,weo_nz 2050_2050,high,building construction,ebd4dddf-9f74-5fd1-89ce-197b60cb8d06_006863b7-d736-4eb6-bbf8-648d292184ad,construction industry,nz 2050,2050,weo,62b803ad-e3ff-516b-947d-f08eea52c702_fbb039f7-f9cc-46d2-b631-313ddb125c1a,construction industry,construction buildings
id1,ipr_1.5c rps_2030,low,building construction,ebd4dddf-9f74-5fd1-89ce-197b60cb8d06_006863b7-d736-4eb6-bbf8-648d292184ad,construction industry,1.5c rps,2030,ipr,79d6450d-f9ad-5619-89c3-05c8d7622af3_b0f4c2fb-5081-474a-8ffa-1457da8345db,construction industry,construction buildings
id1,ipr_1.5c rps_2050,high,building construction,ebd4dddf-9f74-5fd1-89ce-197b60cb8d06_006863b7-d736-4eb6-bbf8-648d292184ad,construction industry,1.5c rps,2050,ipr,79d6450d-f9ad-5619-89c3-05c8d7622af3_b0f4c2fb-5081-474a-8ffa-1457da8345db,construction industry,construction buildings
id1,weo_nz 2050_2030,medium,building construction,ebd4dddf-9f74-5fd1-89ce-197b60cb8d06_006863b7-d736-4eb6-bbf8-648d292184ad,construction industry,nz 2050,2030,weo,79d6450d-f9ad-5619-89c3-05c8d7622af3_b0f4c2fb-5081-474a-8ffa-1457da8345db,construction industry,construction buildings
id1,weo_nz 2050_2050,high,building construction,ebd4dddf-9f74-5fd1-89ce-197b60cb8d06_006863b7-d736-4eb6-bbf8-648d292184ad,construction industry,nz 2050,2050,weo,79d6450d-f9ad-5619-89c3-05c8d7622af3_b0f4c2fb-5081-474a-8ffa-1457da8345db,construction industry,construction buildings
id1,ipr_1.5c rps_2030,low,building construction,ebd4dddf-9f74-5fd1-89ce-197b60cb8d06_006863b7-d736-4eb6-bbf8-648d292184ad,construction industry,1.5c rps,2030,ipr,3b190359-a32e-5294-af63-983f38ce6525_759b89bd-3aa6-42ad-b767-5bb9ef5d331d,construction industry,construction buildings
id1,ipr_1.5c rps_2050,high,building construction,ebd4dddf-9f74-5fd1-89ce-197b60cb8d06_006863b7-d736-4eb6-bbf8-648d292184ad,construction industry,1.5c rps,2050,ipr,3b190359-a32e-5294-af63-983f38ce6525_759b89bd-3aa6-42ad-b767-5bb9ef5d331d,construction industry,construction buildings
id1,weo_nz 2050_2030,medium,building construction,ebd4dddf-9f74-5fd1-89ce-197b60cb8d06_006863b7-d736-4eb6-bbf8-648d292184ad,construction industry,nz 2050,2030,weo,3b190359-a32e-5294-af63-983f38ce6525_759b89bd-3aa6-42ad-b767-5bb9ef5d331d,construction industry,construction buildings
id1,weo_nz 2050_2050,high,building construction,ebd4dddf-9f74-5fd1-89ce-197b60cb8d06_006863b7-d736-4eb6-bbf8-648d292184ad,construction industry,nz 2050,2050,weo,3b190359-a32e-5294-af63-983f38ce6525_759b89bd-3aa6-42ad-b767-5bb9ef5d331d,construction industry,construction buildings
id1,ipr_1.5c rps_2030,low,building construction,ebd4dddf-9f74-5fd1-89ce-197b60cb8d06_006863b7-d736-4eb6-bbf8-648d292184ad,construction industry,1.5c rps,2030,ipr,bbb598a6-5422-5878-ab05-42ebd0ac6911_579049d0-3db8-4496-a234-2f61ed28a72b,construction industry,construction buildings
id1,ipr_1.5c rps_2050,high,building construction,ebd4dddf-9f74-5fd1-89ce-197b60cb8d06_006863b7-d736-4eb6-bbf8-648d292184ad,construction industry,1.5c rps,2050,ipr,bbb598a6-5422-5878-ab05-42ebd0ac6911_579049d0-3db8-4496-a234-2f61ed28a72b,construction industry,construction buildings
id1,weo_nz 2050_2030,medium,building construction,ebd4dddf-9f74-5fd1-89ce-197b60cb8d06_006863b7-d736-4eb6-bbf8-648d292184ad,construction industry,nz 2050,2030,weo,bbb598a6-5422-5878-ab05-42ebd0ac6911_579049d0-3db8-4496-a234-2f61ed28a72b,construction industry,construction buildings
id1,weo_nz 2050_2050,high,building construction,ebd4dddf-9f74-5fd1-89ce-197b60cb8d06_006863b7-d736-4eb6-bbf8-648d292184ad,construction industry,nz 2050,2050,weo,bbb598a6-5422-5878-ab05-42ebd0ac6911_579049d0-3db8-4496-a234-2f61ed28a72b,construction industry,construction buildings
id1,ipr_1.5c rps_2030,low,building construction,ebd4dddf-9f74-5fd1-89ce-197b60cb8d06_006863b7-d736-4eb6-bbf8-648d292184ad,construction industry,1.5c rps,2030,ipr,5d7c64ff-3646-56cb-8034-77ffaf4ae9df_a9e29d5c-c101-4560-afce-118c572871f3,construction industry,construction buildings
id1,ipr_1.5c rps_2050,high,building construction,ebd4dddf-9f74-5fd1-89ce-197b60cb8d06_006863b7-d736-4eb6-bbf8-648d292184ad,construction industry,1.5c rps,2050,ipr,5d7c64ff-3646-56cb-8034-77ffaf4ae9df_a9e29d5c-c101-4560-afce-118c572871f3,construction industry,construction buildings
id1,weo_nz 2050_2030,medium,building construction,ebd4dddf-9f74-5fd1-89ce-197b60cb8d06_006863b7-d736-4eb6-bbf8-648d292184ad,construction industry,nz 2050,2030,weo,5d7c64ff-3646-56cb-8034-77ffaf4ae9df_a9e29d5c-c101-4560-afce-118c572871f3,construction industry,construction buildings
id1,weo_nz 2050_2050,high,building construction,ebd4dddf-9f74-5fd1-89ce-197b60cb8d06_006863b7-d736-4eb6-bbf8-648d292184ad,construction industry,nz 2050,2050,weo,5d7c64ff-3646-56cb-8034-77ffaf4ae9df_a9e29d5c-c101-4560-afce-118c572871f3,construction industry,construction buildings
id1,ipr_1.5c rps_2030,low,building construction,ebd4dddf-9f74-5fd1-89ce-197b60cb8d06_006863b7-d736-4eb6-bbf8-648d292184ad,construction industry,1.5c rps,2030,ipr,0aff95db-45b1-54e1-a3ae-f9021924438c_3ce1a817-4ae8-4edc-bf8b-cb1b5d853410,construction industry,construction buildings
id1,ipr_1.5c rps_2050,high,building construction,ebd4dddf-9f74-5fd1-89ce-197b60cb8d06_006863b7-d736-4eb6-bbf8-648d292184ad,construction industry,1.5c rps,2050,ipr,0aff95db-45b1-54e1-a3ae-f9021924438c_3ce1a817-4ae8-4edc-bf8b-cb1b5d853410,construction industry,construction buildings
id1,weo_nz 2050_2030,medium,building construction,ebd4dddf-9f74-5fd1-89ce-197b60cb8d06_006863b7-d736-4eb6-bbf8-648d292184ad,construction industry,nz 2050,2030,weo,0aff95db-45b1-54e1-a3ae-f9021924438c_3ce1a817-4ae8-4edc-bf8b-cb1b5d853410,construction industry,construction buildings
id1,weo_nz 2050_2050,high,building construction,ebd4dddf-9f74-5fd1-89ce-197b60cb8d06_006863b7-d736-4eb6-bbf8-648d292184ad,construction industry,nz 2050,2050,weo,0aff95db-45b1-54e1-a3ae-f9021924438c_3ce1a817-4ae8-4edc-bf8b-cb1b5d853410,construction industry,construction buildings
id1,ipr_1.5c rps_2030,low,building construction,ebd4dddf-9f74-5fd1-89ce-197b60cb8d06_006863b7-d736-4eb6-bbf8-648d292184ad,construction industry,1.5c rps,2030,ipr,26d4e080-9904-5c82-bdaf-3811f41f8130_fd45a910-a95c-4742-90a5-473e86d16486,construction industry,construction buildings
id1,ipr_1.5c rps_2050,high,building construction,ebd4dddf-9f74-5fd1-89ce-197b60cb8d06_006863b7-d736-4eb6-bbf8-648d292184ad,construction industry,1.5c rps,2050,ipr,26d4e080-9904-5c82-bdaf-3811f41f8130_fd45a910-a95c-4742-90a5-473e86d16486,construction industry,construction buildings
id1,weo_nz 2050_2030,medium,building construction,ebd4dddf-9f74-5fd1-89ce-197b60cb8d06_006863b7-d736-4eb6-bbf8-648d292184ad,construction industry,nz 2050,2030,weo,26d4e080-9904-5c82-bdaf-3811f41f8130_fd45a910-a95c-4742-90a5-473e86d16486,construction industry,construction buildings
id1,weo_nz 2050_2050,high,building construction,ebd4dddf-9f74-5fd1-89ce-197b60cb8d06_006863b7-d736-4eb6-bbf8-648d292184ad,construction industry,nz 2050,2050,weo,26d4e080-9904-5c82-bdaf-3811f41f8130_fd45a910-a95c-4742-90a5-473e86d16486,construction industry,construction buildings
id1,ipr_1.5c rps_2030,low,building construction,ebd4dddf-9f74-5fd1-89ce-197b60cb8d06_006863b7-d736-4eb6-bbf8-648d292184ad,construction industry,1.5c rps,2030,ipr,8fa9690a-86a4-5c8c-95fa-3b14dde7a63f_e69cca3a-6e2a-4638-b9e7-09927dcf1c95,construction industry,construction buildings
id1,ipr_1.5c rps_2050,high,building construction,ebd4dddf-9f74-5fd1-89ce-197b60cb8d06_006863b7-d736-4eb6-bbf8-648d292184ad,construction industry,1.5c rps,2050,ipr,8fa9690a-86a4-5c8c-95fa-3b14dde7a63f_e69cca3a-6e2a-4638-b9e7-09927dcf1c95,construction industry,construction buildings
id1,weo_nz 2050_2030,medium,building construction,ebd4dddf-9f74-5fd1-89ce-197b60cb8d06_006863b7-d736-4eb6-bbf8-648d292184ad,construction industry,nz 2050,2030,weo,8fa9690a-86a4-5c8c-95fa-3b14dde7a63f_e69cca3a-6e2a-4638-b9e7-09927dcf1c95,construction industry,construction buildings
id1,weo_nz 2050_2050,high,building construction,ebd4dddf-9f74-5fd1-89ce-197b60cb8d06_006863b7-d736-4eb6-bbf8-648d292184ad,construction industry,nz 2050,2050,weo,8fa9690a-86a4-5c8c-95fa-3b14dde7a63f_e69cca3a-6e2a-4638-b9e7-09927dcf1c95,construction industry,construction buildings
id1,ipr_1.5c rps_2030,low,building construction,ebd4dddf-9f74-5fd1-89ce-197b60cb8d06_006863b7-d736-4eb6-bbf8-648d292184ad,construction industry,1.5c rps,2030,ipr,372a1991-e0af-5fbf-8611-295a535373ad_9ba48284-0f03-4fec-800d-de77833b12f6,construction industry,construction buildings
id1,ipr_1.5c rps_2050,high,building construction,ebd4dddf-9f74-5fd1-89ce-197b60cb8d06_006863b7-d736-4eb6-bbf8-648d292184ad,construction industry,1.5c rps,2050,ipr,372a1991-e0af-5fbf-8611-295a535373ad_9ba48284-0f03-4fec-800d-de77833b12f6,construction industry,construction buildings
id1,weo_nz 2050_2030,medium,building construction,ebd4dddf-9f74-5fd1-89ce-197b60cb8d06_006863b7-d736-4eb6-bbf8-648d292184ad,construction industry,nz 2050,2030,weo,372a1991-e0af-5fbf-8611-295a535373ad_9ba48284-0f03-4fec-800d-de77833b12f6,construction industry,construction buildings
id1,weo_nz 2050_2050,high,building construction,ebd4dddf-9f74-5fd1-89ce-197b60cb8d06_006863b7-d736-4eb6-bbf8-648d292184ad,construction industry,nz 2050,2050,weo,372a1991-e0af-5fbf-8611-295a535373ad_9ba48284-0f03-4fec-800d-de77833b12f6,construction industry,construction buildings
id1,ipr_1.5c rps_2030,low,building construction,ebd4dddf-9f74-5fd1-89ce-197b60cb8d06_006863b7-d736-4eb6-bbf8-648d292184ad,construction industry,1.5c rps,2030,ipr,cfaf1edc-4716-5b74-b205-0af1e0ceb9cc_9d7bbcc8-687c-4675-ba32-134d3fcc2bcf,construction industry,construction buildings
id1,ipr_1.5c rps_2050,high,building construction,ebd4dddf-9f74-5fd1-89ce-197b60cb8d06_006863b7-d736-4eb6-bbf8-648d292184ad,construction industry,1.5c rps,2050,ipr,cfaf1edc-4716-5b74-b205-0af1e0ceb9cc_9d7bbcc8-687c-4675-ba32-134d3fcc2bcf,construction industry,construction buildings
id1,weo_nz 2050_2030,medium,building construction,ebd4dddf-9f74-5fd1-89ce-197b60cb8d06_006863b7-d736-4eb6-bbf8-648d292184ad,construction industry,nz 2050,2030,weo,cfaf1edc-4716-5b74-b205-0af1e0ceb9cc_9d7bbcc8-687c-4675-ba32-134d3fcc2bcf,construction industry,construction buildings
id1,weo_nz 2050_2050,high,building construction,ebd4dddf-9f74-5fd1-89ce-197b60cb8d06_006863b7-d736-4eb6-bbf8-648d292184ad,construction industry,nz 2050,2050,weo,cfaf1edc-4716-5b74-b205-0af1e0ceb9cc_9d7bbcc8-687c-4675-ba32-134d3fcc2bcf,construction industry,construction buildings
id1,ipr_1.5c rps_2030,low,building construction,ebd4dddf-9f74-5fd1-89ce-197b60cb8d06_006863b7-d736-4eb6-bbf8-648d292184ad,construction industry,1.5c rps,2030,ipr,531db396-1434-54e5-b6c4-c2b4323471cb_751b5ee2-aa63-456c-8d7d-1af517fb7032,construction industry,construction buildings
id1,ipr_1.5c rps_2050,high,building construction,ebd4dddf-9f74-5fd1-89ce-197b60cb8d06_006863b7-d736-4eb6-bbf8-648d292184ad,construction industry,1.5c rps,2050,ipr,531db396-1434-54e5-b6c4-c2b4323471cb_751b5ee2-aa63-456c-8d7d-1af517fb7032,construction industry,construction buildings
id1,weo_nz 2050_2030,medium,building construction,ebd4dddf-9f74-5fd1-89ce-197b60cb8d06_006863b7-d736-4eb6-bbf8-648d292184ad,construction industry,nz 2050,2030,weo,531db396-1434-54e5-b6c4-c2b4323471cb_751b5ee2-aa63-456c-8d7d-1af517fb7032,construction industry,construction buildings
id1,weo_nz 2050_2050,high,building construction,ebd4dddf-9f74-5fd1-89ce-197b60cb8d06_006863b7-d736-4eb6-bbf8-648d292184ad,construction industry,nz 2050,2050,weo,531db396-1434-54e5-b6c4-c2b4323471cb_751b5ee2-aa63-456c-8d7d-1af517fb7032,construction industry,construction buildings
id1,ipr_1.5c rps_2030,low,building construction,ebd4dddf-9f74-5fd1-89ce-197b60cb8d06_006863b7-d736-4eb6-bbf8-648d292184ad,construction industry,1.5c rps,2030,ipr,5fac83fe-8483-5429-85f3-7b0b2c7c11f2_bd4b5819-02c6-41c3-97ea-a91f14b3e0bc,construction industry,construction buildings
id1,ipr_1.5c rps_2050,high,building construction,ebd4dddf-9f74-5fd1-89ce-197b60cb8d06_006863b7-d736-4eb6-bbf8-648d292184ad,construction industry,1.5c rps,2050,ipr,5fac83fe-8483-5429-85f3-7b0b2c7c11f2_bd4b5819-02c6-41c3-97ea-a91f14b3e0bc,construction industry,construction buildings
id1,weo_nz 2050_2030,medium,building construction,ebd4dddf-9f74-5fd1-89ce-197b60cb8d06_006863b7-d736-4eb6-bbf8-648d292184ad,construction industry,nz 2050,2030,weo,5fac83fe-8483-5429-85f3-7b0b2c7c11f2_bd4b5819-02c6-41c3-97ea-a91f14b3e0bc,construction industry,construction buildings
id1,weo_nz 2050_2050,high,building construction,ebd4dddf-9f74-5fd1-89ce-197b60cb8d06_006863b7-d736-4eb6-bbf8-648d292184ad,construction industry,nz 2050,2050,weo,5fac83fe-8483-5429-85f3-7b0b2c7c11f2_bd4b5819-02c6-41c3-97ea-a91f14b3e0bc,construction industry,construction buildings
id1,ipr_1.5c rps_2030,low,building construction,ebd4dddf-9f74-5fd1-89ce-197b60cb8d06_006863b7-d736-4eb6-bbf8-648d292184ad,construction industry,1.5c rps,2030,ipr,1bb973cd-c66a-5c0f-82fc-aa365e7ec969_bd4b5819-02c6-41c3-97ea-a91f14b3e0bc,construction industry,construction buildings
id1,ipr_1.5c rps_2050,high,building construction,ebd4dddf-9f74-5fd1-89ce-197b60cb8d06_006863b7-d736-4eb6-bbf8-648d292184ad,construction industry,1.5c rps,2050,ipr,1bb973cd-c66a-5c0f-82fc-aa365e7ec969_bd4b5819-02c6-41c3-97ea-a91f14b3e0bc,construction industry,construction buildings
id1,weo_nz 2050_2030,medium,building construction,ebd4dddf-9f74-5fd1-89ce-197b60cb8d06_006863b7-d736-4eb6-bbf8-648d292184ad,construction industry,nz 2050,2030,weo,1bb973cd-c66a-5c0f-82fc-aa365e7ec969_bd4b5819-02c6-41c3-97ea-a91f14b3e0bc,construction industry,construction buildings
id1,weo_nz 2050_2050,high,building construction,ebd4dddf-9f74-5fd1-89ce-197b60cb8d06_006863b7-d736-4eb6-bbf8-648d292184ad,construction industry,nz 2050,2050,weo,1bb973cd-c66a-5c0f-82fc-aa365e7ec969_bd4b5819-02c6-41c3-97ea-a91f14b3e0bc,construction industry,construction buildings
id1,ipr_1.5c rps_2030,low,building construction,ebd4dddf-9f74-5fd1-89ce-197b60cb8d06_006863b7-d736-4eb6-bbf8-648d292184ad,construction industry,1.5c rps,2030,ipr,c942f4dc-d2b6-5f3e-9165-73a868582602_1c17413f-82b0-4ddb-beef-63854b1a8e1f,construction industry,construction buildings
id1,ipr_1.5c rps_2050,high,building construction,ebd4dddf-9f74-5fd1-89ce-197b60cb8d06_006863b7-d736-4eb6-bbf8-648d292184ad,construction industry,1.5c rps,2050,ipr,c942f4dc-d2b6-5f3e-9165-73a868582602_1c17413f-82b0-4ddb-beef-63854b1a8e1f,construction industry,construction buildings
id1,weo_nz 2050_2030,medium,building construction,ebd4dddf-9f74-5fd1-89ce-197b60cb8d06_006863b7-d736-4eb6-bbf8-648d292184ad,construction industry,nz 2050,2030,weo,c942f4dc-d2b6-5f3e-9165-73a868582602_1c17413f-82b0-4ddb-beef-63854b1a8e1f,construction industry,construction buildings
id1,weo_nz 2050_2050,high,building construction,ebd4dddf-9f74-5fd1-89ce-197b60cb8d06_006863b7-d736-4eb6-bbf8-648d292184ad,construction industry,nz 2050,2050,weo,c942f4dc-d2b6-5f3e-9165-73a868582602_1c17413f-82b0-4ddb-beef-63854b1a8e1f,construction industry,construction buildings
id1,ipr_1.5c rps_2030,low,building construction,ebd4dddf-9f74-5fd1-89ce-197b60cb8d06_006863b7-d736-4eb6-bbf8-648d292184ad,construction industry,1.5c rps,2030,ipr,3e990593-830f-5069-bef2-f1bee9fe9c4e_1c17413f-82b0-4ddb-beef-63854b1a8e1f,construction industry,construction buildings
id1,ipr_1.5c rps_2050,high,building construction,ebd4dddf-9f74-5fd1-89ce-197b60cb8d06_006863b7-d736-4eb6-bbf8-648d292184ad,construction industry,1.5c rps,2050,ipr,3e990593-830f-5069-bef2-f1bee9fe9c4e_1c17413f-82b0-4ddb-beef-63854b1a8e1f,construction industry,construction buildings
id1,weo_nz 2050_2030,medium,building construction,ebd4dddf-9f74-5fd1-89ce-197b60cb8d06_006863b7-d736-4eb6-bbf8-648d292184ad,construction industry,nz 2050,2030,weo,3e990593-830f-5069-bef2-f1bee9fe9c4e_1c17413f-82b0-4ddb-beef-63854b1a8e1f,construction industry,construction buildings
id1,weo_nz 2050_2050,high,building construction,ebd4dddf-9f74-5fd1-89ce-197b60cb8d06_006863b7-d736-4eb6-bbf8-648d292184ad,construction industry,nz 2050,2050,weo,3e990593-830f-5069-bef2-f1bee9fe9c4e_1c17413f-82b0-4ddb-beef-63854b1a8e1f,construction industry,construction buildings
id1,ipr_1.5c rps_2030,low,building construction,ebd4dddf-9f74-5fd1-89ce-197b60cb8d06_006863b7-d736-4eb6-bbf8-648d292184ad,construction industry,1.5c rps,2030,ipr,7d7eeb00-1001-5060-95c8-463935341fc8_3728ce01-009e-4b64-94d4-3c3e9fabf888,construction industry,construction buildings
id1,ipr_1.5c rps_2050,high,building construction,ebd4dddf-9f74-5fd1-89ce-197b60cb8d06_006863b7-d736-4eb6-bbf8-648d292184ad,construction industry,1.5c rps,2050,ipr,7d7eeb00-1001-5060-95c8-463935341fc8_3728ce01-009e-4b64-94d4-3c3e9fabf888,construction industry,construction buildings
id1,weo_nz 2050_2030,medium,building construction,ebd4dddf-9f74-5fd1-89ce-197b60cb8d06_006863b7-d736-4eb6-bbf8-648d292184ad,construction industry,nz 2050,2030,weo,7d7eeb00-1001-5060-95c8-463935341fc8_3728ce01-009e-4b64-94d4-3c3e9fabf888,construction industry,construction buildings
id1,weo_nz 2050_2050,high,building construction,ebd4dddf-9f74-5fd1-89ce-197b60cb8d06_006863b7-d736-4eb6-bbf8-648d292184ad,construction industry,nz 2050,2050,weo,7d7eeb00-1001-5060-95c8-463935341fc8_3728ce01-009e-4b64-94d4-3c3e9fabf888,construction industry,construction buildings
id1,ipr_1.5c rps_2030,low,building construction,ebd4dddf-9f74-5fd1-89ce-197b60cb8d06_006863b7-d736-4eb6-bbf8-648d292184ad,construction industry,1.5c rps,2030,ipr,d5982027-3c7b-5628-a5d7-12967578b20b_3728ce01-009e-4b64-94d4-3c3e9fabf888,construction industry,construction buildings
id1,ipr_1.5c rps_2050,high,building construction,ebd4dddf-9f74-5fd1-89ce-197b60cb8d06_006863b7-d736-4eb6-bbf8-648d292184ad,construction industry,1.5c rps,2050,ipr,d5982027-3c7b-5628-a5d7-12967578b20b_3728ce01-009e-4b64-94d4-3c3e9fabf888,construction industry,construction buildings
id1,weo_nz 2050_2030,medium,building construction,ebd4dddf-9f74-5fd1-89ce-197b60cb8d06_006863b7-d736-4eb6-bbf8-648d292184ad,construction industry,nz 2050,2030,weo,d5982027-3c7b-5628-a5d7-12967578b20b_3728ce01-009e-4b64-94d4-3c3e9fabf888,construction industry,construction buildings
id1,weo_nz 2050_2050,high,building construction,ebd4dddf-9f74-5fd1-89ce-197b60cb8d06_006863b7-d736-4eb6-bbf8-648d292184ad,construction industry,nz 2050,2050,weo,d5982027-3c7b-5628-a5d7-12967578b20b_3728ce01-009e-4b64-94d4-3c3e9fabf888,construction industry,construction buildings
id1,ipr_1.5c rps_2030,low,building construction,ebd4dddf-9f74-5fd1-89ce-197b60cb8d06_006863b7-d736-4eb6-bbf8-648d292184ad,construction industry,1.5c rps,2030,ipr,2dee9ec5-2740-5656-b6df-2fd73f06a37d_42b1c202-8308-422e-bfb7-3efe54dfcef6,construction industry,construction buildings
id1,ipr_1.5c rps_2050,high,building construction,ebd4dddf-9f74-5fd1-89ce-197b60cb8d06_006863b7-d736-4eb6-bbf8-648d292184ad,construction industry,1.5c rps,2050,ipr,2dee9ec5-2740-5656-b6df-2fd73f06a37d_42b1c202-8308-422e-bfb7-3efe54dfcef6,construction industry,construction buildings
id1,weo_nz 2050_2030,medium,building construction,ebd4dddf-9f74-5fd1-89ce-197b60cb8d06_006863b7-d736-4eb6-bbf8-648d292184ad,construction industry,nz 2050,2030,weo,2dee9ec5-2740-5656-b6df-2fd73f06a37d_42b1c202-8308-422e-bfb7-3efe54dfcef6,construction industry,construction buildings
id1,weo_nz 2050_2050,high,building construction,ebd4dddf-9f74-5fd1-89ce-197b60cb8d06_006863b7-d736-4eb6-bbf8-648d292184ad,construction industry,nz 2050,2050,weo,2dee9ec5-2740-5656-b6df-2fd73f06a37d_42b1c202-8308-422e-bfb7-3efe54dfcef6,construction industry,construction buildings
id1,ipr_1.5c rps_2030,low,building construction,ebd4dddf-9f74-5fd1-89ce-197b60cb8d06_006863b7-d736-4eb6-bbf8-648d292184ad,construction industry,1.5c rps,2030,ipr,16ac64a4-f07b-5a9e-b5bb-ff5adf73ae45_42b1c202-8308-422e-bfb7-3efe54dfcef6,construction industry,construction buildings
id1,ipr_1.5c rps_2050,high,building construction,ebd4dddf-9f74-5fd1-89ce-197b60cb8d06_006863b7-d736-4eb6-bbf8-648d292184ad,construction industry,1.5c rps,2050,ipr,16ac64a4-f07b-5a9e-b5bb-ff5adf73ae45_42b1c202-8308-422e-bfb7-3efe54dfcef6,construction industry,construction buildings
id1,weo_nz 2050_2030,medium,building construction,ebd4dddf-9f74-5fd1-89ce-197b60cb8d06_006863b7-d736-4eb6-bbf8-648d292184ad,construction industry,nz 2050,2030,weo,16ac64a4-f07b-5a9e-b5bb-ff5adf73ae45_42b1c202-8308-422e-bfb7-3efe54dfcef6,construction industry,construction buildings
id1,weo_nz 2050_2050,high,building construction,ebd4dddf-9f74-5fd1-89ce-197b60cb8d06_006863b7-d736-4eb6-bbf8-648d292184ad,construction industry,nz 2050,2050,weo,16ac64a4-f07b-5a9e-b5bb-ff5adf73ae45_42b1c202-8308-422e-bfb7-3efe54dfcef6,construction industry,construction buildings
id1,ipr_1.5c rps_2030,low,building construction,ebd4dddf-9f74-5fd1-89ce-197b60cb8d06_006863b7-d736-4eb6-bbf8-648d292184ad,construction industry,1.5c rps,2030,ipr,3a29c9e0-4183-588d-95a9-502b55d2c513_bfd577e2-82b4-4166-af2b-3bda540931f6,construction industry,construction buildings
id1,ipr_1.5c rps_2050,high,building construction,ebd4dddf-9f74-5fd1-89ce-197b60cb8d06_006863b7-d736-4eb6-bbf8-648d292184ad,construction industry,1.5c rps,2050,ipr,3a29c9e0-4183-588d-95a9-502b55d2c513_bfd577e2-82b4-4166-af2b-3bda540931f6,construction industry,construction buildings
id1,weo_nz 2050_2030,medium,building construction,ebd4dddf-9f74-5fd1-89ce-197b60cb8d06_006863b7-d736-4eb6-bbf8-648d292184ad,construction industry,nz 2050,2030,weo,3a29c9e0-4183-588d-95a9-502b55d2c513_bfd577e2-82b4-4166-af2b-3bda540931f6,construction industry,construction buildings
id1,weo_nz 2050_2050,high,building construction,ebd4dddf-9f74-5fd1-89ce-197b60cb8d06_006863b7-d736-4eb6-bbf8-648d292184ad,construction industry,nz 2050,2050,weo,3a29c9e0-4183-588d-95a9-502b55d2c513_bfd577e2-82b4-4166-af2b-3bda540931f6,construction industry,construction buildings
id1,ipr_1.5c rps_2030,low,building construction,ebd4dddf-9f74-5fd1-89ce-197b60cb8d06_006863b7-d736-4eb6-bbf8-648d292184ad,construction industry,1.5c rps,2030,ipr,c93a2afc-7e58-50b6-af0e-586f71a3de0e_bfd577e2-82b4-4166-af2b-3bda540931f6,construction industry,construction buildings
id1,ipr_1.5c rps_2050,high,building construction,ebd4dddf-9f74-5fd1-89ce-197b60cb8d06_006863b7-d736-4eb6-bbf8-648d292184ad,construction industry,1.5c rps,2050,ipr,c93a2afc-7e58-50b6-af0e-586f71a3de0e_bfd577e2-82b4-4166-af2b-3bda540931f6,construction industry,construction buildings
id1,weo_nz 2050_2030,medium,building construction,ebd4dddf-9f74-5fd1-89ce-197b60cb8d06_006863b7-d736-4eb6-bbf8-648d292184ad,construction industry,nz 2050,2030,weo,c93a2afc-7e58-50b6-af0e-586f71a3de0e_bfd577e2-82b4-4166-af2b-3bda540931f6,construction industry,construction buildings
id1,weo_nz 2050_2050,high,building construction,ebd4dddf-9f74-5fd1-89ce-197b60cb8d06_006863b7-d736-4eb6-bbf8-648d292184ad,construction industry,nz 2050,2050,weo,c93a2afc-7e58-50b6-af0e-586f71a3de0e_bfd577e2-82b4-4166-af2b-3bda540931f6,construction industry,construction buildings
id1,ipr_1.5c rps_2030,low,building construction,ebd4dddf-9f74-5fd1-89ce-197b60cb8d06_006863b7-d736-4eb6-bbf8-648d292184ad,construction industry,1.5c rps,2030,ipr,4fd573fd-7e9d-5fe9-ac5d-b7f09a95695e_76c62dcf-b87a-4509-9682-514079cf7975,construction industry,construction buildings
id1,ipr_1.5c rps_2050,high,building construction,ebd4dddf-9f74-5fd1-89ce-197b60cb8d06_006863b7-d736-4eb6-bbf8-648d292184ad,construction industry,1.5c rps,2050,ipr,4fd573fd-7e9d-5fe9-ac5d-b7f09a95695e_76c62dcf-b87a-4509-9682-514079cf7975,construction industry,construction buildings
id1,weo_nz 2050_2030,medium,building construction,ebd4dddf-9f74-5fd1-89ce-197b60cb8d06_006863b7-d736-4eb6-bbf8-648d292184ad,construction industry,nz 2050,2030,weo,4fd573fd-7e9d-5fe9-ac5d-b7f09a95695e_76c62dcf-b87a-4509-9682-514079cf7975,construction industry,construction buildings
id1,weo_nz 2050_2050,high,building construction,ebd4dddf-9f74-5fd1-89ce-197b60cb8d06_006863b7-d736-4eb6-bbf8-648d292184ad,construction industry,nz 2050,2050,weo,4fd573fd-7e9d-5fe9-ac5d-b7f09a95695e_76c62dcf-b87a-4509-9682-514079cf7975,construction industry,construction buildings
id1,ipr_1.5c rps_2030,low,building construction,ebd4dddf-9f74-5fd1-89ce-197b60cb8d06_006863b7-d736-4eb6-bbf8-648d292184ad,construction industry,1.5c rps,2030,ipr,78a60110-2c67-5568-b476-748e230634e8_76c62dcf-b87a-4509-9682-514079cf7975,construction industry,construction buildings
id1,ipr_1.5c rps_2050,high,building construction,ebd4dddf-9f74-5fd1-89ce-197b60cb8d06_006863b7-d736-4eb6-bbf8-648d292184ad,construction industry,1.5c rps,2050,ipr,78a60110-2c67-5568-b476-748e230634e8_76c62dcf-b87a-4509-9682-514079cf7975,construction industry,construction buildings
id1,weo_nz 2050_2030,medium,building construction,ebd4dddf-9f74-5fd1-89ce-197b60cb8d06_006863b7-d736-4eb6-bbf8-648d292184ad,construction industry,nz 2050,2030,weo,78a60110-2c67-5568-b476-748e230634e8_76c62dcf-b87a-4509-9682-514079cf7975,construction industry,construction buildings
id1,weo_nz 2050_2050,high,building construction,ebd4dddf-9f74-5fd1-89ce-197b60cb8d06_006863b7-d736-4eb6-bbf8-648d292184ad,construction industry,nz 2050,2050,weo,78a60110-2c67-5568-b476-748e230634e8_76c62dcf-b87a-4509-9682-514079cf7975,construction industry,construction buildings
id1,ipr_1.5c rps_2030,low,building construction,ebd4dddf-9f74-5fd1-89ce-197b60cb8d06_006863b7-d736-4eb6-bbf8-648d292184ad,construction industry,1.5c rps,2030,ipr,30d72c1f-ee68-535d-b523-49ba5260fdff_5357a067-f798-46fb-97b0-fa18f723341b,construction industry,construction buildings
id1,ipr_1.5c rps_2050,high,building construction,ebd4dddf-9f74-5fd1-89ce-197b60cb8d06_006863b7-d736-4eb6-bbf8-648d292184ad,construction industry,1.5c rps,2050,ipr,30d72c1f-ee68-535d-b523-49ba5260fdff_5357a067-f798-46fb-97b0-fa18f723341b,construction industry,construction buildings
id1,weo_nz 2050_2030,medium,building construction,ebd4dddf-9f74-5fd1-89ce-197b60cb8d06_006863b7-d736-4eb6-bbf8-648d292184ad,construction industry,nz 2050,2030,weo,30d72c1f-ee68-535d-b523-49ba5260fdff_5357a067-f798-46fb-97b0-fa18f723341b,construction industry,construction buildings
id1,weo_nz 2050_2050,high,building construction,ebd4dddf-9f74-5fd1-89ce-197b60cb8d06_006863b7-d736-4eb6-bbf8-648d292184ad,construction industry,nz 2050,2050,weo,30d72c1f-ee68-535d-b523-49ba5260fdff_5357a067-f798-46fb-97b0-fa18f723341b,construction industry,construction buildings
id1,ipr_1.5c rps_2030,low,building construction,ebd4dddf-9f74-5fd1-89ce-197b60cb8d06_006863b7-d736-4eb6-bbf8-648d292184ad,construction industry,1.5c rps,2030,ipr,c85b4ef8-d5f3-5c03-bbed-b57f23566ff2_5357a067-f798-46fb-97b0-fa18f723341b,construction industry,construction buildings
id1,ipr_1.5c rps_2050,high,building construction,ebd4dddf-9f74-5fd1-89ce-197b60cb8d06_006863b7-d736-4eb6-bbf8-648d292184ad,construction industry,1.5c rps,2050,ipr,c85b4ef8-d5f3-5c03-bbed-b57f23566ff2_5357a067-f798-46fb-97b0-fa18f723341b,construction industry,construction buildings
id1,weo_nz 2050_2030,medium,building construction,ebd4dddf-9f74-5fd1-89ce-197b60cb8d06_006863b7-d736-4eb6-bbf8-648d292184ad,construction industry,nz 2050,2030,weo,c85b4ef8-d5f3-5c03-bbed-b57f23566ff2_5357a067-f798-46fb-97b0-fa18f723341b,construction industry,construction buildings
id1,weo_nz 2050_2050,high,building construction,ebd4dddf-9f74-5fd1-89ce-197b60cb8d06_006863b7-d736-4eb6-bbf8-648d292184ad,construction industry,nz 2050,2050,weo,c85b4ef8-d5f3-5c03-bbed-b57f23566ff2_5357a067-f798-46fb-97b0-fa18f723341b,construction industry,construction buildings
id1,ipr_1.5c rps_2030,low,building construction,ebd4dddf-9f74-5fd1-89ce-197b60cb8d06_006863b7-d736-4eb6-bbf8-648d292184ad,construction industry,1.5c rps,2030,ipr,ef656a74-9e14-5180-a05a-96b02cf37775_171e53d3-3f3a-45a1-99f6-fad22caf1cd6,construction industry,construction buildings
id1,ipr_1.5c rps_2050,high,building construction,ebd4dddf-9f74-5fd1-89ce-197b60cb8d06_006863b7-d736-4eb6-bbf8-648d292184ad,construction industry,1.5c rps,2050,ipr,ef656a74-9e14-5180-a05a-96b02cf37775_171e53d3-3f3a-45a1-99f6-fad22caf1cd6,construction industry,construction buildings
id1,weo_nz 2050_2030,medium,building construction,ebd4dddf-9f74-5fd1-89ce-197b60cb8d06_006863b7-d736-4eb6-bbf8-648d292184ad,construction industry,nz 2050,2030,weo,ef656a74-9e14-5180-a05a-96b02cf37775_171e53d3-3f3a-45a1-99f6-fad22caf1cd6,construction industry,construction buildings
id1,weo_nz 2050_2050,high,building construction,ebd4dddf-9f74-5fd1-89ce-197b60cb8d06_006863b7-d736-4eb6-bbf8-648d292184ad,construction industry,nz 2050,2050,weo,ef656a74-9e14-5180-a05a-96b02cf37775_171e53d3-3f3a-45a1-99f6-fad22caf1cd6,construction industry,construction buildings
id1,ipr_1.5c rps_2030,low,building construction,ebd4dddf-9f74-5fd1-89ce-197b60cb8d06_006863b7-d736-4eb6-bbf8-648d292184ad,construction industry,1.5c rps,2030,ipr,2330b528-6e31-5a99-9801-73834e2a835f_6f2eb438-cde2-4d07-a770-d023a988a9c4,construction industry,construction buildings
id1,ipr_1.5c rps_2050,high,building construction,ebd4dddf-9f74-5fd1-89ce-197b60cb8d06_006863b7-d736-4eb6-bbf8-648d292184ad,construction industry,1.5c rps,2050,ipr,2330b528-6e31-5a99-9801-73834e2a835f_6f2eb438-cde2-4d07-a770-d023a988a9c4,construction industry,construction buildings
id1,weo_nz 2050_2030,medium,building construction,ebd4dddf-9f74-5fd1-89ce-197b60cb8d06_006863b7-d736-4eb6-bbf8-648d292184ad,construction industry,nz 2050,2030,weo,2330b528-6e31-5a99-9801-73834e2a835f_6f2eb438-cde2-4d07-a770-d023a988a9c4,construction industry,construction buildings
id1,weo_nz 2050_2050,high,building construction,ebd4dddf-9f74-5fd1-89ce-197b60cb8d06_006863b7-d736-4eb6-bbf8-648d292184ad,construction industry,nz 2050,2050,weo,2330b528-6e31-5a99-9801-73834e2a835f_6f2eb438-cde2-4d07-a770-d023a988a9c4,construction industry,construction buildings
id1,ipr_1.5c rps_2030,low,machining,6fcaa508-05b7-5a7b-981a-c9145f5e5dc4_a1de1103-7e58-4fe9-bd26-b86ebd3211b3,steel and metals,1.5c rps,2030,ipr,8aefaa4d-b75c-5f4a-83cf-a6bdb777ebfa_ed3b2533-9ae2-4f2d-85de-c24200ce8975,steel and metals,steel
id1,ipr_1.5c rps_2050,high,machining,6fcaa508-05b7-5a7b-981a-c9145f5e5dc4_a1de1103-7e58-4fe9-bd26-b86ebd3211b3,steel and metals,1.5c rps,2050,ipr,8aefaa4d-b75c-5f4a-83cf-a6bdb777ebfa_ed3b2533-9ae2-4f2d-85de-c24200ce8975,steel and metals,steel
id1,weo_nz 2050_2030,low,machining,6fcaa508-05b7-5a7b-981a-c9145f5e5dc4_a1de1103-7e58-4fe9-bd26-b86ebd3211b3,steel and metals,nz 2050,2030,weo,8aefaa4d-b75c-5f4a-83cf-a6bdb777ebfa_ed3b2533-9ae2-4f2d-85de-c24200ce8975,steel and metals,steel
id1,weo_nz 2050_2050,high,machining,6fcaa508-05b7-5a7b-981a-c9145f5e5dc4_a1de1103-7e58-4fe9-bd26-b86ebd3211b3,steel and metals,nz 2050,2050,weo,8aefaa4d-b75c-5f4a-83cf-a6bdb777ebfa_ed3b2533-9ae2-4f2d-85de-c24200ce8975,steel and metals,steel
id1,ipr_1.5c rps_2030,low,machining,6fcaa508-05b7-5a7b-981a-c9145f5e5dc4_a1de1103-7e58-4fe9-bd26-b86ebd3211b3,steel and metals,1.5c rps,2030,ipr,b15ab842-2312-5bb6-8236-2938afe4d3c6_d69294d7-8d64-4915-a896-9996a014c410,steel and metals,steel
id1,ipr_1.5c rps_2050,high,machining,6fcaa508-05b7-5a7b-981a-c9145f5e5dc4_a1de1103-7e58-4fe9-bd26-b86ebd3211b3,steel and metals,1.5c rps,2050,ipr,b15ab842-2312-5bb6-8236-2938afe4d3c6_d69294d7-8d64-4915-a896-9996a014c410,steel and metals,steel
id1,weo_nz 2050_2030,low,machining,6fcaa508-05b7-5a7b-981a-c9145f5e5dc4_a1de1103-7e58-4fe9-bd26-b86ebd3211b3,steel and metals,nz 2050,2030,weo,b15ab842-2312-5bb6-8236-2938afe4d3c6_d69294d7-8d64-4915-a896-9996a014c410,steel and metals,steel
id1,weo_nz 2050_2050,high,machining,6fcaa508-05b7-5a7b-981a-c9145f5e5dc4_a1de1103-7e58-4fe9-bd26-b86ebd3211b3,steel and metals,nz 2050,2050,weo,b15ab842-2312-5bb6-8236-2938afe4d3c6_d69294d7-8d64-4915-a896-9996a014c410,steel and metals,steel
id1,ipr_1.5c rps_2030,low,machining,6fcaa508-05b7-5a7b-981a-c9145f5e5dc4_a1de1103-7e58-4fe9-bd26-b86ebd3211b3,steel and metals,1.5c rps,2030,ipr,0147a794-6a95-5238-a71f-2821f14f807e_6eb8dc11-5ac4-4538-a1f1-95463b640ea5,steel and metals,steel
id1,ipr_1.5c rps_2050,high,machining,6fcaa508-05b7-5a7b-981a-c9145f5e5dc4_a1de1103-7e58-4fe9-bd26-b86ebd3211b3,steel and metals,1.5c rps,2050,ipr,0147a794-6a95-5238-a71f-2821f14f807e_6eb8dc11-5ac4-4538-a1f1-95463b640ea5,steel and metals,steel
id1,weo_nz 2050_2030,low,machining,6fcaa508-05b7-5a7b-981a-c9145f5e5dc4_a1de1103-7e58-4fe9-bd26-b86ebd3211b3,steel and metals,nz 2050,2030,weo,0147a794-6a95-5238-a71f-2821f14f807e_6eb8dc11-5ac4-4538-a1f1-95463b640ea5,steel and metals,steel
id1,weo_nz 2050_2050,high,machining,6fcaa508-05b7-5a7b-981a-c9145f5e5dc4_a1de1103-7e58-4fe9-bd26-b86ebd3211b3,steel and metals,nz 2050,2050,weo,0147a794-6a95-5238-a71f-2821f14f807e_6eb8dc11-5ac4-4538-a1f1-95463b640ea5,steel and metals,steel
id1,ipr_1.5c rps_2030,low,machining,6fcaa508-05b7-5a7b-981a-c9145f5e5dc4_a1de1103-7e58-4fe9-bd26-b86ebd3211b3,steel and metals,1.5c rps,2030,ipr,809a7ce6-14e4-55fd-887d-6ff4460139f3_ea75b944-c676-4a13-85b8-2bea98f765a4,steel and metals,steel
id1,ipr_1.5c rps_2050,high,machining,6fcaa508-05b7-5a7b-981a-c9145f5e5dc4_a1de1103-7e58-4fe9-bd26-b86ebd3211b3,steel and metals,1.5c rps,2050,ipr,809a7ce6-14e4-55fd-887d-6ff4460139f3_ea75b944-c676-4a13-85b8-2bea98f765a4,steel and metals,steel
id1,weo_nz 2050_2030,low,machining,6fcaa508-05b7-5a7b-981a-c9145f5e5dc4_a1de1103-7e58-4fe9-bd26-b86ebd3211b3,steel and metals,nz 2050,2030,weo,809a7ce6-14e4-55fd-887d-6ff4460139f3_ea75b944-c676-4a13-85b8-2bea98f765a4,steel and metals,steel
id1,weo_nz 2050_2050,high,machining,6fcaa508-05b7-5a7b-981a-c9145f5e5dc4_a1de1103-7e58-4fe9-bd26-b86ebd3211b3,steel and metals,nz 2050,2050,weo,809a7ce6-14e4-55fd-887d-6ff4460139f3_ea75b944-c676-4a13-85b8-2bea98f765a4,steel and metals,steel
id1,ipr_1.5c rps_2030,low,machining,6fcaa508-05b7-5a7b-981a-c9145f5e5dc4_a1de1103-7e58-4fe9-bd26-b86ebd3211b3,steel and metals,1.5c rps,2030,ipr,68b581a0-9b56-58f5-b0c4-c153d1874d29_f5bfce90-cc98-41d4-b49a-e82d57550d38,steel and metals,steel
id1,ipr_1.5c rps_2050,high,machining,6fcaa508-05b7-5a7b-981a-c9145f5e5dc4_a1de1103-7e58-4fe9-bd26-b86ebd3211b3,steel and metals,1.5c rps,2050,ipr,68b581a0-9b56-58f5-b0c4-c153d1874d29_f5bfce90-cc98-41d4-b49a-e82d57550d38,steel and metals,steel
id1,weo_nz 2050_2030,low,machining,6fcaa508-05b7-5a7b-981a-c9145f5e5dc4_a1de1103-7e58-4fe9-bd26-b86ebd3211b3,steel and metals,nz 2050,2030,weo,68b581a0-9b56-58f5-b0c4-c153d1874d29_f5bfce90-cc98-41d4-b49a-e82d57550d38,steel and metals,steel
id1,weo_nz 2050_2050,high,machining,6fcaa508-05b7-5a7b-981a-c9145f5e5dc4_a1de1103-7e58-4fe9-bd26-b86ebd3211b3,steel and metals,nz 2050,2050,weo,68b581a0-9b56-58f5-b0c4-c153d1874d29_f5bfce90-cc98-41d4-b49a-e82d57550d38,steel and metals,steel
id1,ipr_1.5c rps_2030,low,machining,6fcaa508-05b7-5a7b-981a-c9145f5e5dc4_a1de1103-7e58-4fe9-bd26-b86ebd3211b3,steel and metals,1.5c rps,2030,ipr,9f3e25dd-4b0a-5d36-9bd3-f84368dc4f94_254f15c9-25c1-4f01-a416-5c1359124d97,steel and metals,steel
id1,ipr_1.5c rps_2050,high,machining,6fcaa508-05b7-5a7b-981a-c9145f5e5dc4_a1de1103-7e58-4fe9-bd26-b86ebd3211b3,steel and metals,1.5c rps,2050,ipr,9f3e25dd-4b0a-5d36-9bd3-f84368dc4f94_254f15c9-25c1-4f01-a416-5c1359124d97,steel and metals,steel
id1,weo_nz 2050_2030,low,machining,6fcaa508-05b7-5a7b-981a-c9145f5e5dc4_a1de1103-7e58-4fe9-bd26-b86ebd3211b3,steel and metals,nz 2050,2030,weo,9f3e25dd-4b0a-5d36-9bd3-f84368dc4f94_254f15c9-25c1-4f01-a416-5c1359124d97,steel and metals,steel
id1,weo_nz 2050_2050,high,machining,6fcaa508-05b7-5a7b-981a-c9145f5e5dc4_a1de1103-7e58-4fe9-bd26-b86ebd3211b3,steel and metals,nz 2050,2050,weo,9f3e25dd-4b0a-5d36-9bd3-f84368dc4f94_254f15c9-25c1-4f01-a416-5c1359124d97,steel and metals,steel
id1,ipr_1.5c rps_2030,low,machining,6fcaa508-05b7-5a7b-981a-c9145f5e5dc4_a1de1103-7e58-4fe9-bd26-b86ebd3211b3,steel and metals,1.5c rps,2030,ipr,044043d2-bdfc-55f1-9d2d-e8431d5266c7_8cb650d5-8a48-4719-81b1-2080b3b4387f,steel and metals,steel
id1,ipr_1.5c rps_2050,high,machining,6fcaa508-05b7-5a7b-981a-c9145f5e5dc4_a1de1103-7e58-4fe9-bd26-b86ebd3211b3,steel and metals,1.5c rps,2050,ipr,044043d2-bdfc-55f1-9d2d-e8431d5266c7_8cb650d5-8a48-4719-81b1-2080b3b4387f,steel and metals,steel
id1,weo_nz 2050_2030,low,machining,6fcaa508-05b7-5a7b-981a-c9145f5e5dc4_a1de1103-7e58-4fe9-bd26-b86ebd3211b3,steel and metals,nz 2050,2030,weo,044043d2-bdfc-55f1-9d2d-e8431d5266c7_8cb650d5-8a48-4719-81b1-2080b3b4387f,steel and metals,steel
id1,weo_nz 2050_2050,high,machining,6fcaa508-05b7-5a7b-981a-c9145f5e5dc4_a1de1103-7e58-4fe9-bd26-b86ebd3211b3,steel and metals,nz 2050,2050,weo,044043d2-bdfc-55f1-9d2d-e8431d5266c7_8cb650d5-8a48-4719-81b1-2080b3b4387f,steel and metals,steel
id1,ipr_1.5c rps_2030,low,machining,6fcaa508-05b7-5a7b-981a-c9145f5e5dc4_a1de1103-7e58-4fe9-bd26-b86ebd3211b3,steel and metals,1.5c rps,2030,ipr,f15e65b7-c7ab-50ba-b107-bf1e576ed39e_1b30b018-ac39-41f4-a9e0-92057eef8bb8,steel and metals,steel
id1,ipr_1.5c rps_2050,high,machining,6fcaa508-05b7-5a7b-981a-c9145f5e5dc4_a1de1103-7e58-4fe9-bd26-b86ebd3211b3,steel and metals,1.5c rps,2050,ipr,f15e65b7-c7ab-50ba-b107-bf1e576ed39e_1b30b018-ac39-41f4-a9e0-92057eef8bb8,steel and metals,steel
id1,weo_nz 2050_2030,low,machining,6fcaa508-05b7-5a7b-981a-c9145f5e5dc4_a1de1103-7e58-4fe9-bd26-b86ebd3211b3,steel and metals,nz 2050,2030,weo,f15e65b7-c7ab-50ba-b107-bf1e576ed39e_1b30b018-ac39-41f4-a9e0-92057eef8bb8,steel and metals,steel
id1,weo_nz 2050_2050,high,machining,6fcaa508-05b7-5a7b-981a-c9145f5e5dc4_a1de1103-7e58-4fe9-bd26-b86ebd3211b3,steel and metals,nz 2050,2050,weo,f15e65b7-c7ab-50ba-b107-bf1e576ed39e_1b30b018-ac39-41f4-a9e0-92057eef8bb8,steel and metals,steel
id1,ipr_1.5c rps_2030,low,machining,6fcaa508-05b7-5a7b-981a-c9145f5e5dc4_a1de1103-7e58-4fe9-bd26-b86ebd3211b3,steel and metals,1.5c rps,2030,ipr,3cc7b300-3205-5751-8227-97a168ef9b68_1b30b018-ac39-41f4-a9e0-92057eef8bb8,steel and metals,steel
id1,ipr_1.5c rps_2050,high,machining,6fcaa508-05b7-5a7b-981a-c9145f5e5dc4_a1de1103-7e58-4fe9-bd26-b86ebd3211b3,steel and metals,1.5c rps,2050,ipr,3cc7b300-3205-5751-8227-97a168ef9b68_1b30b018-ac39-41f4-a9e0-92057eef8bb8,steel and metals,steel
id1,weo_nz 2050_2030,low,machining,6fcaa508-05b7-5a7b-981a-c9145f5e5dc4_a1de1103-7e58-4fe9-bd26-b86ebd3211b3,steel and metals,nz 2050,2030,weo,3cc7b300-3205-5751-8227-97a168ef9b68_1b30b018-ac39-41f4-a9e0-92057eef8bb8,steel and metals,steel
id1,weo_nz 2050_2050,high,machining,6fcaa508-05b7-5a7b-981a-c9145f5e5dc4_a1de1103-7e58-4fe9-bd26-b86ebd3211b3,steel and metals,nz 2050,2050,weo,3cc7b300-3205-5751-8227-97a168ef9b68_1b30b018-ac39-41f4-a9e0-92057eef8bb8,steel and metals,steel
id2,ipr_1.5c rps_2030,low,refrigeration plant,9649930d-2cc8-510f-8826-ca87c96e4f35_8a309022-83ff-455f-a0bd-17edef16b064,non-metallic minerals,1.5c rps,2030,ipr,79a88a37-9c69-5a4e-8fa7-c55cd9996c56_8a309022-83ff-455f-a0bd-17edef16b064,non-metallic minerals,chemicals
id2,ipr_1.5c rps_2050,high,refrigeration plant,9649930d-2cc8-510f-8826-ca87c96e4f35_8a309022-83ff-455f-a0bd-17edef16b064,non-metallic minerals,1.5c rps,2050,ipr,79a88a37-9c69-5a4e-8fa7-c55cd9996c56_8a309022-83ff-455f-a0bd-17edef16b064,non-metallic minerals,chemicals
id2,weo_nz 2050_2030,low,refrigeration plant,9649930d-2cc8-510f-8826-ca87c96e4f35_8a309022-83ff-455f-a0bd-17edef16b064,non-metallic minerals,nz 2050,2030,weo,79a88a37-9c69-5a4e-8fa7-c55cd9996c56_8a309022-83ff-455f-a0bd-17edef16b064,non-metallic minerals,chemicals
id2,weo_nz 2050_2050,high,refrigeration plant,9649930d-2cc8-510f-8826-ca87c96e4f35_8a309022-83ff-455f-a0bd-17edef16b064,non-metallic minerals,nz 2050,2050,weo,79a88a37-9c69-5a4e-8fa7-c55cd9996c56_8a309022-83ff-455f-a0bd-17edef16b064,non-metallic minerals,chemicals
id2,ipr_1.5c rps_2030,low,refrigeration plant,9649930d-2cc8-510f-8826-ca87c96e4f35_8a309022-83ff-455f-a0bd-17edef16b064,non-metallic minerals,1.5c rps,2030,ipr,8144709a-c3a1-52c1-9836-9deb1baade88_8a309022-83ff-455f-a0bd-17edef16b064,non-metallic minerals,chemicals
id2,ipr_1.5c rps_2050,high,refrigeration plant,9649930d-2cc8-510f-8826-ca87c96e4f35_8a309022-83ff-455f-a0bd-17edef16b064,non-metallic minerals,1.5c rps,2050,ipr,8144709a-c3a1-52c1-9836-9deb1baade88_8a309022-83ff-455f-a0bd-17edef16b064,non-metallic minerals,chemicals
id2,weo_nz 2050_2030,low,refrigeration plant,9649930d-2cc8-510f-8826-ca87c96e4f35_8a309022-83ff-455f-a0bd-17edef16b064,non-metallic minerals,nz 2050,2030,weo,8144709a-c3a1-52c1-9836-9deb1baade88_8a309022-83ff-455f-a0bd-17edef16b064,non-metallic minerals,chemicals
id2,weo_nz 2050_2050,high,refrigeration plant,9649930d-2cc8-510f-8826-ca87c96e4f35_8a309022-83ff-455f-a0bd-17edef16b064,non-metallic minerals,nz 2050,2050,weo,8144709a-c3a1-52c1-9836-9deb1baade88_8a309022-83ff-455f-a0bd-17edef16b064,non-metallic minerals,chemicals
id2,ipr_1.5c rps_2030,low,refrigeration plant,9649930d-2cc8-510f-8826-ca87c96e4f35_8a309022-83ff-455f-a0bd-17edef16b064,non-metallic minerals,1.5c rps,2030,ipr,dbb8286b-692a-55fd-8cab-ac22ce892a81_8a309022-83ff-455f-a0bd-17edef16b064,non-metallic minerals,chemicals
id2,ipr_1.5c rps_2050,high,refrigeration plant,9649930d-2cc8-510f-8826-ca87c96e4f35_8a309022-83ff-455f-a0bd-17edef16b064,non-metallic minerals,1.5c rps,2050,ipr,dbb8286b-692a-55fd-8cab-ac22ce892a81_8a309022-83ff-455f-a0bd-17edef16b064,non-metallic minerals,chemicals
id2,weo_nz 2050_2030,low,refrigeration plant,9649930d-2cc8-510f-8826-ca87c96e4f35_8a309022-83ff-455f-a0bd-17edef16b064,non-metallic minerals,nz 2050,2030,weo,dbb8286b-692a-55fd-8cab-ac22ce892a81_8a309022-83ff-455f-a0bd-17edef16b064,non-metallic minerals,chemicals
id2,weo_nz 2050_2050,high,refrigeration plant,9649930d-2cc8-510f-8826-ca87c96e4f35_8a309022-83ff-455f-a0bd-17edef16b064,non-metallic minerals,nz 2050,2050,weo,dbb8286b-692a-55fd-8cab-ac22ce892a81_8a309022-83ff-455f-a0bd-17edef16b064,non-metallic minerals,chemicals
id2,ipr_1.5c rps_2030,low,refrigeration plant,9649930d-2cc8-510f-8826-ca87c96e4f35_8a309022-83ff-455f-a0bd-17edef16b064,non-metallic minerals,1.5c rps,2030,ipr,778a86d0-4a3e-5141-9ab0-6cab85bdac5d_0ace02fa-eca5-482d-a829-c18e46a52db4,non-metallic minerals,chemicals
id2,ipr_1.5c rps_2050,high,refrigeration plant,9649930d-2cc8-510f-8826-ca87c96e4f35_8a309022-83ff-455f-a0bd-17edef16b064,non-metallic minerals,1.5c rps,2050,ipr,778a86d0-4a3e-5141-9ab0-6cab85bdac5d_0ace02fa-eca5-482d-a829-c18e46a52db4,non-metallic minerals,chemicals
id2,weo_nz 2050_2030,low,refrigeration plant,9649930d-2cc8-510f-8826-ca87c96e4f35_8a309022-83ff-455f-a0bd-17edef16b064,non-metallic minerals,nz 2050,2030,weo,778a86d0-4a3e-5141-9ab0-6cab85bdac5d_0ace02fa-eca5-482d-a829-c18e46a52db4,non-metallic minerals,chemicals
id2,weo_nz 2050_2050,high,refrigeration plant,9649930d-2cc8-510f-8826-ca87c96e4f35_8a309022-83ff-455f-a0bd-17edef16b064,non-metallic minerals,nz 2050,2050,weo,778a86d0-4a3e-5141-9ab0-6cab85bdac5d_0ace02fa-eca5-482d-a829-c18e46a52db4,non-metallic minerals,chemicals
id2,ipr_1.5c rps_2030,low,refrigeration plant,9649930d-2cc8-510f-8826-ca87c96e4f35_8a309022-83ff-455f-a0bd-17edef16b064,non-metallic minerals,1.5c rps,2030,ipr,ba7d530d-298f-564c-8998-eb41d1d480c3_cfbce515-3f54-4411-ad9d-3d26b7faa15a,non-metallic minerals,chemicals
id2,ipr_1.5c rps_2050,high,refrigeration plant,9649930d-2cc8-510f-8826-ca87c96e4f35_8a309022-83ff-455f-a0bd-17edef16b064,non-metallic minerals,1.5c rps,2050,ipr,ba7d530d-298f-564c-8998-eb41d1d480c3_cfbce515-3f54-4411-ad9d-3d26b7faa15a,non-metallic minerals,chemicals
id2,weo_nz 2050_2030,low,refrigeration plant,9649930d-2cc8-510f-8826-ca87c96e4f35_8a309022-83ff-455f-a0bd-17edef16b064,non-metallic minerals,nz 2050,2030,weo,ba7d530d-298f-564c-8998-eb41d1d480c3_cfbce515-3f54-4411-ad9d-3d26b7faa15a,non-metallic minerals,chemicals
id2,weo_nz 2050_2050,high,refrigeration plant,9649930d-2cc8-510f-8826-ca87c96e4f35_8a309022-83ff-455f-a0bd-17edef16b064,non-metallic minerals,nz 2050,2050,weo,ba7d530d-298f-564c-8998-eb41d1d480c3_cfbce515-3f54-4411-ad9d-3d26b7faa15a,non-metallic minerals,chemicals
id2,ipr_1.5c rps_2030,low,"drinks, soft",09516d9a-bf2d-558a-b403-ce7f089dee13_1fa64d0c-afd7-46ab-b95c-3a54e0902dd0,non-metallic minerals; steel and metals,1.5c rps,2030,ipr,2be9684b-01a3-51f2-8642-06ba17ffd36c_1fa64d0c-afd7-46ab-b95c-3a54e0902dd0,non-metallic minerals,other
id2,ipr_1.5c rps_2050,high,"drinks, soft",09516d9a-bf2d-558a-b403-ce7f089dee13_1fa64d0c-afd7-46ab-b95c-3a54e0902dd0,non-metallic minerals; steel and metals,1.5c rps,2050,ipr,2be9684b-01a3-51f2-8642-06ba17ffd36c_1fa64d0c-afd7-46ab-b95c-3a54e0902dd0,non-metallic minerals,other
id2,weo_nz 2050_2030,low,"drinks, soft",09516d9a-bf2d-558a-b403-ce7f089dee13_1fa64d0c-afd7-46ab-b95c-3a54e0902dd0,non-metallic minerals; steel and metals,nz 2050,2030,weo,2be9684b-01a3-51f2-8642-06ba17ffd36c_1fa64d0c-afd7-46ab-b95c-3a54e0902dd0,non-metallic minerals,other
id2,weo_nz 2050_2050,high,"drinks, soft",09516d9a-bf2d-558a-b403-ce7f089dee13_1fa64d0c-afd7-46ab-b95c-3a54e0902dd0,non-metallic minerals; steel and metals,nz 2050,2050,weo,2be9684b-01a3-51f2-8642-06ba17ffd36c_1fa64d0c-afd7-46ab-b95c-3a54e0902dd0,non-metallic minerals,other
id2,ipr_1.5c rps_2030,low,"drinks, soft",09516d9a-bf2d-558a-b403-ce7f089dee13_1fa64d0c-afd7-46ab-b95c-3a54e0902dd0,non-metallic minerals; steel and metals,1.5c rps,2030,ipr,2be9684b-01a3-51f2-8642-06ba17ffd36c_1fa64d0c-afd7-46ab-b95c-3a54e0902dd0,non-metallic minerals,raw minerals
id2,ipr_1.5c rps_2050,high,"drinks, soft",09516d9a-bf2d-558a-b403-ce7f089dee13_1fa64d0c-afd7-46ab-b95c-3a54e0902dd0,non-metallic minerals; steel and metals,1.5c rps,2050,ipr,2be9684b-01a3-51f2-8642-06ba17ffd36c_1fa64d0c-afd7-46ab-b95c-3a54e0902dd0,non-metallic minerals,raw minerals
id2,weo_nz 2050_2030,low,"drinks, soft",09516d9a-bf2d-558a-b403-ce7f089dee13_1fa64d0c-afd7-46ab-b95c-3a54e0902dd0,non-metallic minerals; steel and metals,nz 2050,2030,weo,2be9684b-01a3-51f2-8642-06ba17ffd36c_1fa64d0c-afd7-46ab-b95c-3a54e0902dd0,non-metallic minerals,raw minerals
id2,weo_nz 2050_2050,high,"drinks, soft",09516d9a-bf2d-558a-b403-ce7f089dee13_1fa64d0c-afd7-46ab-b95c-3a54e0902dd0,non-metallic minerals; steel and metals,nz 2050,2050,weo,2be9684b-01a3-51f2-8642-06ba17ffd36c_1fa64d0c-afd7-46ab-b95c-3a54e0902dd0,non-metallic minerals,raw minerals
id2,ipr_1.5c rps_2030,low,"drinks, soft",09516d9a-bf2d-558a-b403-ce7f089dee13_1fa64d0c-afd7-46ab-b95c-3a54e0902dd0,non-metallic minerals; steel and metals,1.5c rps,2030,ipr,2be9684b-01a3-51f2-8642-06ba17ffd36c_1fa64d0c-afd7-46ab-b95c-3a54e0902dd0,steel and metals,other metals
id2,ipr_1.5c rps_2050,high,"drinks, soft",09516d9a-bf2d-558a-b403-ce7f089dee13_1fa64d0c-afd7-46ab-b95c-3a54e0902dd0,non-metallic minerals; steel and metals,1.5c rps,2050,ipr,2be9684b-01a3-51f2-8642-06ba17ffd36c_1fa64d0c-afd7-46ab-b95c-3a54e0902dd0,steel and metals,other metals
id2,weo_nz 2050_2030,low,"drinks, soft",09516d9a-bf2d-558a-b403-ce7f089dee13_1fa64d0c-afd7-46ab-b95c-3a54e0902dd0,non-metallic minerals; steel and metals,nz 2050,2030,weo,2be9684b-01a3-51f2-8642-06ba17ffd36c_1fa64d0c-afd7-46ab-b95c-3a54e0902dd0,steel and metals,other metals
id2,weo_nz 2050_2050,high,"drinks, soft",09516d9a-bf2d-558a-b403-ce7f089dee13_1fa64d0c-afd7-46ab-b95c-3a54e0902dd0,non-metallic minerals; steel and metals,nz 2050,2050,weo,2be9684b-01a3-51f2-8642-06ba17ffd36c_1fa64d0c-afd7-46ab-b95c-3a54e0902dd0,steel and metals,other metals
id2,ipr_1.5c rps_2030,low,"drinks, soft",09516d9a-bf2d-558a-b403-ce7f089dee13_1fa64d0c-afd7-46ab-b95c-3a54e0902dd0,non-metallic minerals; steel and metals,1.5c rps,2030,ipr,141e871c-60db-5929-9f54-ea1d4f44018c_1fa64d0c-afd7-46ab-b95c-3a54e0902dd0,non-metallic minerals,other
id2,ipr_1.5c rps_2050,high,"drinks, soft",09516d9a-bf2d-558a-b403-ce7f089dee13_1fa64d0c-afd7-46ab-b95c-3a54e0902dd0,non-metallic minerals; steel and metals,1.5c rps,2050,ipr,141e871c-60db-5929-9f54-ea1d4f44018c_1fa64d0c-afd7-46ab-b95c-3a54e0902dd0,non-metallic minerals,other
id2,weo_nz 2050_2030,low,"drinks, soft",09516d9a-bf2d-558a-b403-ce7f089dee13_1fa64d0c-afd7-46ab-b95c-3a54e0902dd0,non-metallic minerals; steel and metals,nz 2050,2030,weo,141e871c-60db-5929-9f54-ea1d4f44018c_1fa64d0c-afd7-46ab-b95c-3a54e0902dd0,non-metallic minerals,other
id2,weo_nz 2050_2050,high,"drinks, soft",09516d9a-bf2d-558a-b403-ce7f089dee13_1fa64d0c-afd7-46ab-b95c-3a54e0902dd0,non-metallic minerals; steel and metals,nz 2050,2050,weo,141e871c-60db-5929-9f54-ea1d4f44018c_1fa64d0c-afd7-46ab-b95c-3a54e0902dd0,non-metallic minerals,other
id2,ipr_1.5c rps_2030,low,"drinks, soft",09516d9a-bf2d-558a-b403-ce7f089dee13_1fa64d0c-afd7-46ab-b95c-3a54e0902dd0,non-metallic minerals; steel and metals,1.5c rps,2030,ipr,141e871c-60db-5929-9f54-ea1d4f44018c_1fa64d0c-afd7-46ab-b95c-3a54e0902dd0,non-metallic minerals,raw minerals
id2,ipr_1.5c rps_2050,high,"drinks, soft",09516d9a-bf2d-558a-b403-ce7f089dee13_1fa64d0c-afd7-46ab-b95c-3a54e0902dd0,non-metallic minerals; steel and metals,1.5c rps,2050,ipr,141e871c-60db-5929-9f54-ea1d4f44018c_1fa64d0c-afd7-46ab-b95c-3a54e0902dd0,non-metallic minerals,raw minerals
id2,weo_nz 2050_2030,low,"drinks, soft",09516d9a-bf2d-558a-b403-ce7f089dee13_1fa64d0c-afd7-46ab-b95c-3a54e0902dd0,non-metallic minerals; steel and metals,nz 2050,2030,weo,141e871c-60db-5929-9f54-ea1d4f44018c_1fa64d0c-afd7-46ab-b95c-3a54e0902dd0,non-metallic minerals,raw minerals
id2,weo_nz 2050_2050,high,"drinks, soft",09516d9a-bf2d-558a-b403-ce7f089dee13_1fa64d0c-afd7-46ab-b95c-3a54e0902dd0,non-metallic minerals; steel and metals,nz 2050,2050,weo,141e871c-60db-5929-9f54-ea1d4f44018c_1fa64d0c-afd7-46ab-b95c-3a54e0902dd0,non-metallic minerals,raw minerals
id2,ipr_1.5c rps_2030,low,"drinks, soft",09516d9a-bf2d-558a-b403-ce7f089dee13_1fa64d0c-afd7-46ab-b95c-3a54e0902dd0,non-metallic minerals; steel and metals,1.5c rps,2030,ipr,141e871c-60db-5929-9f54-ea1d4f44018c_1fa64d0c-afd7-46ab-b95c-3a54e0902dd0,steel and metals,other metals
id2,ipr_1.5c rps_2050,high,"drinks, soft",09516d9a-bf2d-558a-b403-ce7f089dee13_1fa64d0c-afd7-46ab-b95c-3a54e0902dd0,non-metallic minerals; steel and metals,1.5c rps,2050,ipr,141e871c-60db-5929-9f54-ea1d4f44018c_1fa64d0c-afd7-46ab-b95c-3a54e0902dd0,steel and metals,other metals
id2,weo_nz 2050_2030,low,"drinks, soft",09516d9a-bf2d-558a-b403-ce7f089dee13_1fa64d0c-afd7-46ab-b95c-3a54e0902dd0,non-metallic minerals; steel and metals,nz 2050,2030,weo,141e871c-60db-5929-9f54-ea1d4f44018c_1fa64d0c-afd7-46ab-b95c-3a54e0902dd0,steel and metals,other metals
id2,weo_nz 2050_2050,high,"drinks, soft",09516d9a-bf2d-558a-b403-ce7f089dee13_1fa64d0c-afd7-46ab-b95c-3a54e0902dd0,non-metallic minerals; steel and metals,nz 2050,2050,weo,141e871c-60db-5929-9f54-ea1d4f44018c_1fa64d0c-afd7-46ab-b95c-3a54e0902dd0,steel and metals,other metals
id2,ipr_1.5c rps_2030,low,"drinks, soft",09516d9a-bf2d-558a-b403-ce7f089dee13_1fa64d0c-afd7-46ab-b95c-3a54e0902dd0,non-metallic minerals; steel and metals,1.5c rps,2030,ipr,729ed5b6-54c4-5461-a72e-270cb0a3a8e2_1fa64d0c-afd7-46ab-b95c-3a54e0902dd0,non-metallic minerals,other
id2,ipr_1.5c rps_2050,high,"drinks, soft",09516d9a-bf2d-558a-b403-ce7f089dee13_1fa64d0c-afd7-46ab-b95c-3a54e0902dd0,non-metallic minerals; steel and metals,1.5c rps,2050,ipr,729ed5b6-54c4-5461-a72e-270cb0a3a8e2_1fa64d0c-afd7-46ab-b95c-3a54e0902dd0,non-metallic minerals,other
id2,weo_nz 2050_2030,low,"drinks, soft",09516d9a-bf2d-558a-b403-ce7f089dee13_1fa64d0c-afd7-46ab-b95c-3a54e0902dd0,non-metallic minerals; steel and metals,nz 2050,2030,weo,729ed5b6-54c4-5461-a72e-270cb0a3a8e2_1fa64d0c-afd7-46ab-b95c-3a54e0902dd0,non-metallic minerals,other
id2,weo_nz 2050_2050,high,"drinks, soft",09516d9a-bf2d-558a-b403-ce7f089dee13_1fa64d0c-afd7-46ab-b95c-3a54e0902dd0,non-metallic minerals; steel and metals,nz 2050,2050,weo,729ed5b6-54c4-5461-a72e-270cb0a3a8e2_1fa64d0c-afd7-46ab-b95c-3a54e0902dd0,non-metallic minerals,other
id2,ipr_1.5c rps_2030,low,"drinks, soft",09516d9a-bf2d-558a-b403-ce7f089dee13_1fa64d0c-afd7-46ab-b95c-3a54e0902dd0,non-metallic minerals; steel and metals,1.5c rps,2030,ipr,729ed5b6-54c4-5461-a72e-270cb0a3a8e2_1fa64d0c-afd7-46ab-b95c-3a54e0902dd0,non-metallic minerals,raw minerals
id2,ipr_1.5c rps_2050,high,"drinks, soft",09516d9a-bf2d-558a-b403-ce7f089dee13_1fa64d0c-afd7-46ab-b95c-3a54e0902dd0,non-metallic minerals; steel and metals,1.5c rps,2050,ipr,729ed5b6-54c4-5461-a72e-270cb0a3a8e2_1fa64d0c-afd7-46ab-b95c-3a54e0902dd0,non-metallic minerals,raw minerals
id2,weo_nz 2050_2030,low,"drinks, soft",09516d9a-bf2d-558a-b403-ce7f089dee13_1fa64d0c-afd7-46ab-b95c-3a54e0902dd0,non-metallic minerals; steel and metals,nz 2050,2030,weo,729ed5b6-54c4-5461-a72e-270cb0a3a8e2_1fa64d0c-afd7-46ab-b95c-3a54e0902dd0,non-metallic minerals,raw minerals
id2,weo_nz 2050_2050,high,"drinks, soft",09516d9a-bf2d-558a-b403-ce7f089dee13_1fa64d0c-afd7-46ab-b95c-3a54e0902dd0,non-metallic minerals; steel and metals,nz 2050,2050,weo,729ed5b6-54c4-5461-a72e-270cb0a3a8e2_1fa64d0c-afd7-46ab-b95c-3a54e0902dd0,non-metallic minerals,raw minerals
id2,ipr_1.5c rps_2030,low,"drinks, soft",09516d9a-bf2d-558a-b403-ce7f089dee13_1fa64d0c-afd7-46ab-b95c-3a54e0902dd0,non-metallic minerals; steel and metals,1.5c rps,2030,ipr,729ed5b6-54c4-5461-a72e-270cb0a3a8e2_1fa64d0c-afd7-46ab-b95c-3a54e0902dd0,steel and metals,other metals
id2,ipr_1.5c rps_2050,high,"drinks, soft",09516d9a-bf2d-558a-b403-ce7f089dee13_1fa64d0c-afd7-46ab-b95c-3a54e0902dd0,non-metallic minerals; steel and metals,1.5c rps,2050,ipr,729ed5b6-54c4-5461-a72e-270cb0a3a8e2_1fa64d0c-afd7-46ab-b95c-3a54e0902dd0,steel and metals,other metals
id2,weo_nz 2050_2030,low,"drinks, soft",09516d9a-bf2d-558a-b403-ce7f089dee13_1fa64d0c-afd7-46ab-b95c-3a54e0902dd0,non-metallic minerals; steel and metals,nz 2050,2030,weo,729ed5b6-54c4-5461-a72e-270cb0a3a8e2_1fa64d0c-afd7-46ab-b95c-3a54e0902dd0,steel and metals,other metals
id2,weo_nz 2050_2050,high,"drinks, soft",09516d9a-bf2d-558a-b403-ce7f089dee13_1fa64d0c-afd7-46ab-b95c-3a54e0902dd0,non-metallic minerals; steel and metals,nz 2050,2050,weo,729ed5b6-54c4-5461-a72e-270cb0a3a8e2_1fa64d0c-afd7-46ab-b95c-3a54e0902dd0,steel and metals,other metals
id2,ipr_1.5c rps_2030,low,"drinks, soft",09516d9a-bf2d-558a-b403-ce7f089dee13_1fa64d0c-afd7-46ab-b95c-3a54e0902dd0,non-metallic minerals; steel and metals,1.5c rps,2030,ipr,778a86d0-4a3e-5141-9ab0-6cab85bdac5d_0ace02fa-eca5-482d-a829-c18e46a52db4,non-metallic minerals,other
id2,ipr_1.5c rps_2050,high,"drinks, soft",09516d9a-bf2d-558a-b403-ce7f089dee13_1fa64d0c-afd7-46ab-b95c-3a54e0902dd0,non-metallic minerals; steel and metals,1.5c rps,2050,ipr,778a86d0-4a3e-5141-9ab0-6cab85bdac5d_0ace02fa-eca5-482d-a829-c18e46a52db4,non-metallic minerals,other
id2,weo_nz 2050_2030,low,"drinks, soft",09516d9a-bf2d-558a-b403-ce7f089dee13_1fa64d0c-afd7-46ab-b95c-3a54e0902dd0,non-metallic minerals; steel and metals,nz 2050,2030,weo,778a86d0-4a3e-5141-9ab0-6cab85bdac5d_0ace02fa-eca5-482d-a829-c18e46a52db4,non-metallic minerals,other
id2,weo_nz 2050_2050,high,"drinks, soft",09516d9a-bf2d-558a-b403-ce7f089dee13_1fa64d0c-afd7-46ab-b95c-3a54e0902dd0,non-metallic minerals; steel and metals,nz 2050,2050,weo,778a86d0-4a3e-5141-9ab0-6cab85bdac5d_0ace02fa-eca5-482d-a829-c18e46a52db4,non-metallic minerals,other
id2,ipr_1.5c rps_2030,low,"drinks, soft",09516d9a-bf2d-558a-b403-ce7f089dee13_1fa64d0c-afd7-46ab-b95c-3a54e0902dd0,non-metallic minerals; steel and metals,1.5c rps,2030,ipr,778a86d0-4a3e-5141-9ab0-6cab85bdac5d_0ace02fa-eca5-482d-a829-c18e46a52db4,non-metallic minerals,raw minerals
id2,ipr_1.5c rps_2050,high,"drinks, soft",09516d9a-bf2d-558a-b403-ce7f089dee13_1fa64d0c-afd7-46ab-b95c-3a54e0902dd0,non-metallic minerals; steel and metals,1.5c rps,2050,ipr,778a86d0-4a3e-5141-9ab0-6cab85bdac5d_0ace02fa-eca5-482d-a829-c18e46a52db4,non-metallic minerals,raw minerals
id2,weo_nz 2050_2030,low,"drinks, soft",09516d9a-bf2d-558a-b403-ce7f089dee13_1fa64d0c-afd7-46ab-b95c-3a54e0902dd0,non-metallic minerals; steel and metals,nz 2050,2030,weo,778a86d0-4a3e-5141-9ab0-6cab85bdac5d_0ace02fa-eca5-482d-a829-c18e46a52db4,non-metallic minerals,raw minerals
id2,weo_nz 2050_2050,high,"drinks, soft",09516d9a-bf2d-558a-b403-ce7f089dee13_1fa64d0c-afd7-46ab-b95c-3a54e0902dd0,non-metallic minerals; steel and metals,nz 2050,2050,weo,778a86d0-4a3e-5141-9ab0-6cab85bdac5d_0ace02fa-eca5-482d-a829-c18e46a52db4,non-metallic minerals,raw minerals
id2,ipr_1.5c rps_2030,low,"drinks, soft",09516d9a-bf2d-558a-b403-ce7f089dee13_1fa64d0c-afd7-46ab-b95c-3a54e0902dd0,non-metallic minerals; steel and metals,1.5c rps,2030,ipr,778a86d0-4a3e-5141-9ab0-6cab85bdac5d_0ace02fa-eca5-482d-a829-c18e46a52db4,steel and metals,other metals
id2,ipr_1.5c rps_2050,high,"drinks, soft",09516d9a-bf2d-558a-b403-ce7f089dee13_1fa64d0c-afd7-46ab-b95c-3a54e0902dd0,non-metallic minerals; steel and metals,1.5c rps,2050,ipr,778a86d0-4a3e-5141-9ab0-6cab85bdac5d_0ace02fa-eca5-482d-a829-c18e46a52db4,steel and metals,other metals
id2,weo_nz 2050_2030,low,"drinks, soft",09516d9a-bf2d-558a-b403-ce7f089dee13_1fa64d0c-afd7-46ab-b95c-3a54e0902dd0,non-metallic minerals; steel and metals,nz 2050,2030,weo,778a86d0-4a3e-5141-9ab0-6cab85bdac5d_0ace02fa-eca5-482d-a829-c18e46a52db4,steel and metals,other metals
id2,weo_nz 2050_2050,high,"drinks, soft",09516d9a-bf2d-558a-b403-ce7f089dee13_1fa64d0c-afd7-46ab-b95c-3a54e0902dd0,non-metallic minerals; steel and metals,nz 2050,2050,weo,778a86d0-4a3e-5141-9ab0-6cab85bdac5d_0ace02fa-eca5-482d-a829-c18e46a52db4,steel and metals,other metals
id2,ipr_1.5c rps_2030,low,"drinks, soft",09516d9a-bf2d-558a-b403-ce7f089dee13_1fa64d0c-afd7-46ab-b95c-3a54e0902dd0,non-metallic minerals; steel and metals,1.5c rps,2030,ipr,51989dc8-ee4f-5826-84c0-4c159bd9f0e2_57143a43-20ab-44a5-a4a2-26effbdfafd1,non-metallic minerals,other
id2,ipr_1.5c rps_2050,high,"drinks, soft",09516d9a-bf2d-558a-b403-ce7f089dee13_1fa64d0c-afd7-46ab-b95c-3a54e0902dd0,non-metallic minerals; steel and metals,1.5c rps,2050,ipr,51989dc8-ee4f-5826-84c0-4c159bd9f0e2_57143a43-20ab-44a5-a4a2-26effbdfafd1,non-metallic minerals,other
id2,weo_nz 2050_2030,low,"drinks, soft",09516d9a-bf2d-558a-b403-ce7f089dee13_1fa64d0c-afd7-46ab-b95c-3a54e0902dd0,non-metallic minerals; steel and metals,nz 2050,2030,weo,51989dc8-ee4f-5826-84c0-4c159bd9f0e2_57143a43-20ab-44a5-a4a2-26effbdfafd1,non-metallic minerals,other
id2,weo_nz 2050_2050,high,"drinks, soft",09516d9a-bf2d-558a-b403-ce7f089dee13_1fa64d0c-afd7-46ab-b95c-3a54e0902dd0,non-metallic minerals; steel and metals,nz 2050,2050,weo,51989dc8-ee4f-5826-84c0-4c159bd9f0e2_57143a43-20ab-44a5-a4a2-26effbdfafd1,non-metallic minerals,other
id2,ipr_1.5c rps_2030,low,"drinks, soft",09516d9a-bf2d-558a-b403-ce7f089dee13_1fa64d0c-afd7-46ab-b95c-3a54e0902dd0,non-metallic minerals; steel and metals,1.5c rps,2030,ipr,51989dc8-ee4f-5826-84c0-4c159bd9f0e2_57143a43-20ab-44a5-a4a2-26effbdfafd1,non-metallic minerals,raw minerals
id2,ipr_1.5c rps_2050,high,"drinks, soft",09516d9a-bf2d-558a-b403-ce7f089dee13_1fa64d0c-afd7-46ab-b95c-3a54e0902dd0,non-metallic minerals; steel and metals,1.5c rps,2050,ipr,51989dc8-ee4f-5826-84c0-4c159bd9f0e2_57143a43-20ab-44a5-a4a2-26effbdfafd1,non-metallic minerals,raw minerals
id2,weo_nz 2050_2030,low,"drinks, soft",09516d9a-bf2d-558a-b403-ce7f089dee13_1fa64d0c-afd7-46ab-b95c-3a54e0902dd0,non-metallic minerals; steel and metals,nz 2050,2030,weo,51989dc8-ee4f-5826-84c0-4c159bd9f0e2_57143a43-20ab-44a5-a4a2-26effbdfafd1,non-metallic minerals,raw minerals
id2,weo_nz 2050_2050,high,"drinks, soft",09516d9a-bf2d-558a-b403-ce7f089dee13_1fa64d0c-afd7-46ab-b95c-3a54e0902dd0,non-metallic minerals; steel and metals,nz 2050,2050,weo,51989dc8-ee4f-5826-84c0-4c159bd9f0e2_57143a43-20ab-44a5-a4a2-26effbdfafd1,non-metallic minerals,raw minerals
id2,ipr_1.5c rps_2030,low,"drinks, soft",09516d9a-bf2d-558a-b403-ce7f089dee13_1fa64d0c-afd7-46ab-b95c-3a54e0902dd0,non-metallic minerals; steel and metals,1.5c rps,2030,ipr,51989dc8-ee4f-5826-84c0-4c159bd9f0e2_57143a43-20ab-44a5-a4a2-26effbdfafd1,steel and metals,other metals
id2,ipr_1.5c rps_2050,high,"drinks, soft",09516d9a-bf2d-558a-b403-ce7f089dee13_1fa64d0c-afd7-46ab-b95c-3a54e0902dd0,non-metallic minerals; steel and metals,1.5c rps,2050,ipr,51989dc8-ee4f-5826-84c0-4c159bd9f0e2_57143a43-20ab-44a5-a4a2-26effbdfafd1,steel and metals,other metals
id2,weo_nz 2050_2030,low,"drinks, soft",09516d9a-bf2d-558a-b403-ce7f089dee13_1fa64d0c-afd7-46ab-b95c-3a54e0902dd0,non-metallic minerals; steel and metals,nz 2050,2030,weo,51989dc8-ee4f-5826-84c0-4c159bd9f0e2_57143a43-20ab-44a5-a4a2-26effbdfafd1,steel and metals,other metals
id2,weo_nz 2050_2050,high,"drinks, soft",09516d9a-bf2d-558a-b403-ce7f089dee13_1fa64d0c-afd7-46ab-b95c-3a54e0902dd0,non-metallic minerals; steel and metals,nz 2050,2050,weo,51989dc8-ee4f-5826-84c0-4c159bd9f0e2_57143a43-20ab-44a5-a4a2-26effbdfafd1,steel and metals,other metals
id2,ipr_1.5c rps_2030,low,"drinks, soft",09516d9a-bf2d-558a-b403-ce7f089dee13_1fa64d0c-afd7-46ab-b95c-3a54e0902dd0,non-metallic minerals; steel and metals,1.5c rps,2030,ipr,69c191c3-91f0-5406-a11d-3a8df4da396f_090f56b8-6a83-48c1-ae26-234d04771e53,non-metallic minerals,other
id2,ipr_1.5c rps_2050,high,"drinks, soft",09516d9a-bf2d-558a-b403-ce7f089dee13_1fa64d0c-afd7-46ab-b95c-3a54e0902dd0,non-metallic minerals; steel and metals,1.5c rps,2050,ipr,69c191c3-91f0-5406-a11d-3a8df4da396f_090f56b8-6a83-48c1-ae26-234d04771e53,non-metallic minerals,other
id2,weo_nz 2050_2030,low,"drinks, soft",09516d9a-bf2d-558a-b403-ce7f089dee13_1fa64d0c-afd7-46ab-b95c-3a54e0902dd0,non-metallic minerals; steel and metals,nz 2050,2030,weo,69c191c3-91f0-5406-a11d-3a8df4da396f_090f56b8-6a83-48c1-ae26-234d04771e53,non-metallic minerals,other
id2,weo_nz 2050_2050,high,"drinks, soft",09516d9a-bf2d-558a-b403-ce7f089dee13_1fa64d0c-afd7-46ab-b95c-3a54e0902dd0,non-metallic minerals; steel and metals,nz 2050,2050,weo,69c191c3-91f0-5406-a11d-3a8df4da396f_090f56b8-6a83-48c1-ae26-234d04771e53,non-metallic minerals,other
id2,ipr_1.5c rps_2030,low,"drinks, soft",09516d9a-bf2d-558a-b403-ce7f089dee13_1fa64d0c-afd7-46ab-b95c-3a54e0902dd0,non-metallic minerals; steel and metals,1.5c rps,2030,ipr,69c191c3-91f0-5406-a11d-3a8df4da396f_090f56b8-6a83-48c1-ae26-234d04771e53,non-metallic minerals,raw minerals
id2,ipr_1.5c rps_2050,high,"drinks, soft",09516d9a-bf2d-558a-b403-ce7f089dee13_1fa64d0c-afd7-46ab-b95c-3a54e0902dd0,non-metallic minerals; steel and metals,1.5c rps,2050,ipr,69c191c3-91f0-5406-a11d-3a8df4da396f_090f56b8-6a83-48c1-ae26-234d04771e53,non-metallic minerals,raw minerals
id2,weo_nz 2050_2030,low,"drinks, soft",09516d9a-bf2d-558a-b403-ce7f089dee13_1fa64d0c-afd7-46ab-b95c-3a54e0902dd0,non-metallic minerals; steel and metals,nz 2050,2030,weo,69c191c3-91f0-5406-a11d-3a8df4da396f_090f56b8-6a83-48c1-ae26-234d04771e53,non-metallic minerals,raw minerals
id2,weo_nz 2050_2050,high,"drinks, soft",09516d9a-bf2d-558a-b403-ce7f089dee13_1fa64d0c-afd7-46ab-b95c-3a54e0902dd0,non-metallic minerals; steel and metals,nz 2050,2050,weo,69c191c3-91f0-5406-a11d-3a8df4da396f_090f56b8-6a83-48c1-ae26-234d04771e53,non-metallic minerals,raw minerals
id2,ipr_1.5c rps_2030,low,"drinks, soft",09516d9a-bf2d-558a-b403-ce7f089dee13_1fa64d0c-afd7-46ab-b95c-3a54e0902dd0,non-metallic minerals; steel and metals,1.5c rps,2030,ipr,69c191c3-91f0-5406-a11d-3a8df4da396f_090f56b8-6a83-48c1-ae26-234d04771e53,steel and metals,other metals
id2,ipr_1.5c rps_2050,high,"drinks, soft",09516d9a-bf2d-558a-b403-ce7f089dee13_1fa64d0c-afd7-46ab-b95c-3a54e0902dd0,non-metallic minerals; steel and metals,1.5c rps,2050,ipr,69c191c3-91f0-5406-a11d-3a8df4da396f_090f56b8-6a83-48c1-ae26-234d04771e53,steel and metals,other metals
id2,weo_nz 2050_2030,low,"drinks, soft",09516d9a-bf2d-558a-b403-ce7f089dee13_1fa64d0c-afd7-46ab-b95c-3a54e0902dd0,non-metallic minerals; steel and metals,nz 2050,2030,weo,69c191c3-91f0-5406-a11d-3a8df4da396f_090f56b8-6a83-48c1-ae26-234d04771e53,steel and metals,other metals
id2,weo_nz 2050_2050,high,"drinks, soft",09516d9a-bf2d-558a-b403-ce7f089dee13_1fa64d0c-afd7-46ab-b95c-3a54e0902dd0,non-metallic minerals; steel and metals,nz 2050,2050,weo,69c191c3-91f0-5406-a11d-3a8df4da396f_090f56b8-6a83-48c1-ae26-234d04771e53,steel and metals,other metals
id2,ipr_1.5c rps_2030,low,"drinks, soft",09516d9a-bf2d-558a-b403-ce7f089dee13_1fa64d0c-afd7-46ab-b95c-3a54e0902dd0,non-metallic minerals; steel and metals,1.5c rps,2030,ipr,ba7d530d-298f-564c-8998-eb41d1d480c3_cfbce515-3f54-4411-ad9d-3d26b7faa15a,non-metallic minerals,other
id2,ipr_1.5c rps_2050,high,"drinks, soft",09516d9a-bf2d-558a-b403-ce7f089dee13_1fa64d0c-afd7-46ab-b95c-3a54e0902dd0,non-metallic minerals; steel and metals,1.5c rps,2050,ipr,ba7d530d-298f-564c-8998-eb41d1d480c3_cfbce515-3f54-4411-ad9d-3d26b7faa15a,non-metallic minerals,other
id2,weo_nz 2050_2030,low,"drinks, soft",09516d9a-bf2d-558a-b403-ce7f089dee13_1fa64d0c-afd7-46ab-b95c-3a54e0902dd0,non-metallic minerals; steel and metals,nz 2050,2030,weo,ba7d530d-298f-564c-8998-eb41d1d480c3_cfbce515-3f54-4411-ad9d-3d26b7faa15a,non-metallic minerals,other
id2,weo_nz 2050_2050,high,"drinks, soft",09516d9a-bf2d-558a-b403-ce7f089dee13_1fa64d0c-afd7-46ab-b95c-3a54e0902dd0,non-metallic minerals; steel and metals,nz 2050,2050,weo,ba7d530d-298f-564c-8998-eb41d1d480c3_cfbce515-3f54-4411-ad9d-3d26b7faa15a,non-metallic minerals,other
id2,ipr_1.5c rps_2030,low,"drinks, soft",09516d9a-bf2d-558a-b403-ce7f089dee13_1fa64d0c-afd7-46ab-b95c-3a54e0902dd0,non-metallic minerals; steel and metals,1.5c rps,2030,ipr,ba7d530d-298f-564c-8998-eb41d1d480c3_cfbce515-3f54-4411-ad9d-3d26b7faa15a,non-metallic minerals,raw minerals
id2,ipr_1.5c rps_2050,high,"drinks, soft",09516d9a-bf2d-558a-b403-ce7f089dee13_1fa64d0c-afd7-46ab-b95c-3a54e0902dd0,non-metallic minerals; steel and metals,1.5c rps,2050,ipr,ba7d530d-298f-564c-8998-eb41d1d480c3_cfbce515-3f54-4411-ad9d-3d26b7faa15a,non-metallic minerals,raw minerals
id2,weo_nz 2050_2030,low,"drinks, soft",09516d9a-bf2d-558a-b403-ce7f089dee13_1fa64d0c-afd7-46ab-b95c-3a54e0902dd0,non-metallic minerals; steel and metals,nz 2050,2030,weo,ba7d530d-298f-564c-8998-eb41d1d480c3_cfbce515-3f54-4411-ad9d-3d26b7faa15a,non-metallic minerals,raw minerals
id2,weo_nz 2050_2050,high,"drinks, soft",09516d9a-bf2d-558a-b403-ce7f089dee13_1fa64d0c-afd7-46ab-b95c-3a54e0902dd0,non-metallic minerals; steel and metals,nz 2050,2050,weo,ba7d530d-298f-564c-8998-eb41d1d480c3_cfbce515-3f54-4411-ad9d-3d26b7faa15a,non-metallic minerals,raw minerals
id2,ipr_1.5c rps_2030,low,"drinks, soft",09516d9a-bf2d-558a-b403-ce7f089dee13_1fa64d0c-afd7-46ab-b95c-3a54e0902dd0,non-metallic minerals; steel and metals,1.5c rps,2030,ipr,ba7d530d-298f-564c-8998-eb41d1d480c3_cfbce515-3f54-4411-ad9d-3d26b7faa15a,steel and metals,other metals
id2,ipr_1.5c rps_2050,high,"drinks, soft",09516d9a-bf2d-558a-b403-ce7f089dee13_1fa64d0c-afd7-46ab-b95c-3a54e0902dd0,non-metallic minerals; steel and metals,1.5c rps,2050,ipr,ba7d530d-298f-564c-8998-eb41d1d480c3_cfbce515-3f54-4411-ad9d-3d26b7faa15a,steel and metals,other metals
id2,weo_nz 2050_2030,low,"drinks, soft",09516d9a-bf2d-558a-b403-ce7f089dee13_1fa64d0c-afd7-46ab-b95c-3a54e0902dd0,non-metallic minerals; steel and metals,nz 2050,2030,weo,ba7d530d-298f-564c-8998-eb41d1d480c3_cfbce515-3f54-4411-ad9d-3d26b7faa15a,steel and metals,other metals
id2,weo_nz 2050_2050,high,"drinks, soft",09516d9a-bf2d-558a-b403-ce7f089dee13_1fa64d0c-afd7-46ab-b95c-3a54e0902dd0,non-metallic minerals; steel and metals,nz 2050,2050,weo,ba7d530d-298f-564c-8998-eb41d1d480c3_cfbce515-3f54-4411-ad9d-3d26b7faa15a,steel and metals,other metals
id2,ipr_1.5c rps_2030,low,"drinks, soft",09516d9a-bf2d-558a-b403-ce7f089dee13_1fa64d0c-afd7-46ab-b95c-3a54e0902dd0,non-metallic minerals; steel and metals,1.5c rps,2030,ipr,9db063b2-21e3-5c8f-bbc3-7dc7362023a1_eeb68c18-502b-4117-a033-a5daf24322fc,non-metallic minerals,other
id2,ipr_1.5c rps_2050,high,"drinks, soft",09516d9a-bf2d-558a-b403-ce7f089dee13_1fa64d0c-afd7-46ab-b95c-3a54e0902dd0,non-metallic minerals; steel and metals,1.5c rps,2050,ipr,9db063b2-21e3-5c8f-bbc3-7dc7362023a1_eeb68c18-502b-4117-a033-a5daf24322fc,non-metallic minerals,other
id2,weo_nz 2050_2030,low,"drinks, soft",09516d9a-bf2d-558a-b403-ce7f089dee13_1fa64d0c-afd7-46ab-b95c-3a54e0902dd0,non-metallic minerals; steel and metals,nz 2050,2030,weo,9db063b2-21e3-5c8f-bbc3-7dc7362023a1_eeb68c18-502b-4117-a033-a5daf24322fc,non-metallic minerals,other
id2,weo_nz 2050_2050,high,"drinks, soft",09516d9a-bf2d-558a-b403-ce7f089dee13_1fa64d0c-afd7-46ab-b95c-3a54e0902dd0,non-metallic minerals; steel and metals,nz 2050,2050,weo,9db063b2-21e3-5c8f-bbc3-7dc7362023a1_eeb68c18-502b-4117-a033-a5daf24322fc,non-metallic minerals,other
id2,ipr_1.5c rps_2030,low,"drinks, soft",09516d9a-bf2d-558a-b403-ce7f089dee13_1fa64d0c-afd7-46ab-b95c-3a54e0902dd0,non-metallic minerals; steel and metals,1.5c rps,2030,ipr,9db063b2-21e3-5c8f-bbc3-7dc7362023a1_eeb68c18-502b-4117-a033-a5daf24322fc,non-metallic minerals,raw minerals
id2,ipr_1.5c rps_2050,high,"drinks, soft",09516d9a-bf2d-558a-b403-ce7f089dee13_1fa64d0c-afd7-46ab-b95c-3a54e0902dd0,non-metallic minerals; steel and metals,1.5c rps,2050,ipr,9db063b2-21e3-5c8f-bbc3-7dc7362023a1_eeb68c18-502b-4117-a033-a5daf24322fc,non-metallic minerals,raw minerals
id2,weo_nz 2050_2030,low,"drinks, soft",09516d9a-bf2d-558a-b403-ce7f089dee13_1fa64d0c-afd7-46ab-b95c-3a54e0902dd0,non-metallic minerals; steel and metals,nz 2050,2030,weo,9db063b2-21e3-5c8f-bbc3-7dc7362023a1_eeb68c18-502b-4117-a033-a5daf24322fc,non-metallic minerals,raw minerals
id2,weo_nz 2050_2050,high,"drinks, soft",09516d9a-bf2d-558a-b403-ce7f089dee13_1fa64d0c-afd7-46ab-b95c-3a54e0902dd0,non-metallic minerals; steel and metals,nz 2050,2050,weo,9db063b2-21e3-5c8f-bbc3-7dc7362023a1_eeb68c18-502b-4117-a033-a5daf24322fc,non-metallic minerals,raw minerals
id2,ipr_1.5c rps_2030,low,"drinks, soft",09516d9a-bf2d-558a-b403-ce7f089dee13_1fa64d0c-afd7-46ab-b95c-3a54e0902dd0,non-metallic minerals; steel and metals,1.5c rps,2030,ipr,9db063b2-21e3-5c8f-bbc3-7dc7362023a1_eeb68c18-502b-4117-a033-a5daf24322fc,steel and metals,other metals
id2,ipr_1.5c rps_2050,high,"drinks, soft",09516d9a-bf2d-558a-b403-ce7f089dee13_1fa64d0c-afd7-46ab-b95c-3a54e0902dd0,non-metallic minerals; steel and metals,1.5c rps,2050,ipr,9db063b2-21e3-5c8f-bbc3-7dc7362023a1_eeb68c18-502b-4117-a033-a5daf24322fc,steel and metals,other metals
id2,weo_nz 2050_2030,low,"drinks, soft",09516d9a-bf2d-558a-b403-ce7f089dee13_1fa64d0c-afd7-46ab-b95c-3a54e0902dd0,non-metallic minerals; steel and metals,nz 2050,2030,weo,9db063b2-21e3-5c8f-bbc3-7dc7362023a1_eeb68c18-502b-4117-a033-a5daf24322fc,steel and metals,other metals
id2,weo_nz 2050_2050,high,"drinks, soft",09516d9a-bf2d-558a-b403-ce7f089dee13_1fa64d0c-afd7-46ab-b95c-3a54e0902dd0,non-metallic minerals; steel and metals,nz 2050,2050,weo,9db063b2-21e3-5c8f-bbc3-7dc7362023a1_eeb68c18-502b-4117-a033-a5daf24322fc,steel and metals,other metals
id2,NA_NA_NA,NA,NA,NA,other; land use,NA,NA,NA,NA,NA,NA
id3,NA_NA_NA,NA,NA,NA,energy; construction industry; transportation,NA,NA,NA,NA,NA,NA
